"name","pos","name_actual","team_actual","positionRank_actual","overallRank_actual","pts_actual","passAtt_actual","passComp_actual","passYds_actual","passTds_actual","passInt_actual","rushAtt_actual","rushYds_actual","rushTds_actual","rec_actual","recYds_actual","recTds_actual","returnTds_actual","twoPts_actual","fumbles_actual"
"MATTHEWSTAFFORD","QB","Matthew Stafford","DET",1,1,34.78,NA,NA,337,5,0,2,13,0,NA,NA,NA,NA,NA,NA
"CALVINJOHNSON","WR","Calvin Johnson","DET",1,2,31.3,14,NA,NA,NA,NA,NA,NA,NA,8,93,3,NA,NA,NA
"CAMNEWTON","QB","Cam Newton","CAR",2,3,17.82,NA,NA,183,0,0,12,45,1,NA,NA,NA,NA,NA,0
"EDDIELACY","RB","Eddie Lacy","GB",1,4,16.6,5,NA,NA,NA,NA,10,72,0,4,34,1,NA,NA,1
"THEORIDDICK","RB","Theo Riddick","DET",2,5,15.3,5,NA,NA,NA,NA,2,6,0,5,62,1,NA,NA,NA
"JOIQUEBELL","RB","Joique Bell","DET",3,6,15.2,3,NA,NA,NA,NA,7,25,1,2,57,0,NA,NA,NA
"GOLDENTATE","WR","Golden Tate","DET",2,7,14.5,8,NA,NA,NA,NA,NA,NA,NA,7,50,1,0,0,NA
"MARKSANCHEZ","QB","Mark Sanchez","PHI",3,8,14.36,NA,NA,199,2,0,2,4,0,NA,NA,NA,NA,NA,1
"JORDANMATTHEWS","WR","Jordan Matthews","PHI",3,9,13.5,5,NA,NA,NA,NA,NA,NA,NA,3,60,1,NA,NA,NA
"COLEBEASLEY","WR","Cole Beasley","DAL",4,10,13.4,7,NA,NA,NA,NA,NA,NA,NA,6,44,1,NA,NA,NA
"MATTCASSEL","QB","Matt Cassel","DAL",4,11,10.62,NA,NA,93,1,0,2,9,0,NA,NA,NA,0,1,NA
"JERRICHOCOTCHERY","WR","Jerricho Cotchery","CAR",5,12,9.8,6,NA,NA,NA,NA,NA,NA,NA,5,73,0,NA,NA,NA
"DARRENMCFADDEN","RB","Darren McFadden","DAL",4,13,9.6,6,NA,NA,NA,NA,10,11,0,4,45,0,0,1,NA
"GREGOLSEN","TE","Greg Olsen","CAR",1,14,9.5,9,NA,NA,NA,NA,NA,NA,NA,5,70,0,NA,NA,NA
"JONATHANSTEWART","RB","Jonathan Stewart","CAR",5,15,9.2,4,NA,NA,NA,NA,21,68,0,3,9,0,NA,NA,NA
"JEREMYLANGFORD","RB","Jeremy Langford","CHI",6,16,8.8,1,NA,NA,NA,NA,5,28,1,0,0,0,NA,NA,NA
"AMEERABDULLAH","RB","Ameer Abdullah","DET",7,17,8,2,NA,NA,NA,NA,16,63,0,1,12,0,0,0,NA
"BRENTCELEK","TE","Brent Celek","PHI",2,17,8,4,NA,NA,NA,NA,NA,NA,NA,2,10,1,NA,NA,NA
"AARONRODGERS","QB","Aaron Rodgers","GB",5,19,7.66,NA,NA,79,1,0,1,5,0,NA,NA,NA,NA,NA,NA
"JAYCUTLER","QB","Jay Cutler","CHI",6,20,7.52,NA,NA,78,1,0,1,4,0,NA,NA,NA,NA,NA,NA
"ZACHMILLER","TE","Zach Miller","CHI",3,21,6.8,4,NA,NA,NA,NA,NA,NA,NA,1,3,1,NA,NA,NA
"TERRANCEWILLIAMS","WR","Terrance Williams","DAL",6,22,5.9,7,NA,NA,NA,NA,NA,NA,NA,4,39,0,NA,NA,NA
"TREYBURTON","TE","Trey Burton","PHI",4,22,5.9,2,NA,NA,NA,NA,NA,NA,NA,2,49,0,NA,NA,NA
"JASONWITTEN","TE","Jason Witten","DAL",5,24,5.6,6,NA,NA,NA,NA,NA,NA,NA,4,36,0,NA,NA,NA
"JAMESSTARKS","RB","James Starks","GB",8,25,5.1,2,NA,NA,NA,NA,4,21,0,2,20,0,NA,NA,NA
"ALSHONJEFFERY","WR","Alshon Jeffery","CHI",7,26,4.7,6,NA,NA,NA,NA,NA,NA,NA,3,32,0,NA,NA,NA
"DARRENSPROLES","RB","Darren Sproles","PHI",9,27,4.5,6,NA,NA,NA,NA,2,4,0,4,21,0,0,0,NA
"RANDALLCOBB","WR","Randall Cobb","GB",8,28,3.9,5,NA,NA,NA,NA,NA,NA,NA,4,19,0,0,0,0
"ERICEBRON","TE","Eric Ebron","DET",6,29,3.8,3,NA,NA,NA,NA,NA,NA,NA,2,28,0,NA,NA,NA
"DEZBRYANT","WR","Dez Bryant","DAL",9,30,3.6,8,NA,NA,NA,NA,NA,NA,NA,2,26,0,NA,NA,NA
"MATTFORTE","RB","Matt Forte","CHI",10,31,3.4,NA,NA,NA,NA,NA,10,34,0,NA,NA,NA,NA,NA,NA
"MARQUESSWILSON","WR","Marquess Wilson","CHI",10,32,3.2,3,NA,NA,NA,NA,NA,NA,NA,2,22,0,NA,NA,NA
"DEMARCOMURRAY","RB","DeMarco Murray","PHI",11,33,3,NA,NA,NA,NA,NA,14,30,0,NA,NA,NA,NA,NA,NA
"DEVINFUNCHESS","WR","Devin Funchess","CAR",11,34,2.9,4,NA,NA,NA,NA,NA,NA,NA,2,19,0,NA,NA,NA
"RILEYCOOPER","WR","Riley Cooper","PHI",12,35,2.6,2,NA,NA,NA,NA,NA,NA,NA,2,16,0,NA,NA,NA
"NELSONAGHOLOR","WR","Nelson Agholor","PHI",13,36,2.5,2,NA,NA,NA,NA,NA,NA,NA,2,15,0,NA,NA,NA
"LANCEMOORE","WR","Lance Moore","DET",14,37,1.9,1,NA,NA,NA,NA,NA,NA,NA,1,14,0,0,0,NA
"ROBERTTURBIN","RB","Robert Turbin","DAL",12,38,1.7,1,NA,NA,NA,NA,2,11,0,1,1,0,NA,NA,NA
"MIKETOLBERT","RB","Mike Tolbert","CAR",13,39,1.6,1,NA,NA,NA,NA,4,16,0,0,0,0,NA,NA,NA
"JOSHHUFF","WR","Josh Huff","PHI",15,39,1.6,1,NA,NA,NA,NA,NA,NA,NA,1,11,0,NA,NA,NA
"TONYROMO","QB","Tony Romo","DAL",7,41,1.24,NA,NA,106,0,3,NA,NA,NA,NA,NA,NA,NA,NA,NA
"DAVANTEADAMS","WR","Davante Adams","GB",16,42,1.1,3,NA,NA,NA,NA,NA,NA,NA,1,6,0,NA,NA,NA
"MARTELLUSBENNETT","TE","Martellus Bennett","CHI",7,43,0,NA,NA,NA,NA,NA,NA,NA,NA,NA,NA,NA,NA,NA,NA
"JAMESJONES","WR","James Jones","GB",17,43,0,2,NA,NA,NA,NA,NA,NA,NA,0,0,0,NA,NA,NA
"RYANMATHEWS","RB","Ryan Mathews","PHI",14,43,0,NA,NA,NA,NA,NA,NA,NA,NA,NA,NA,NA,NA,NA,NA
"ZACHERTZ","TE","Zach Ertz","PHI",7,43,0,NA,NA,NA,NA,NA,NA,NA,NA,NA,NA,NA,NA,NA,NA
"RICHARDRODGERS","TE","Richard Rodgers","GB",7,43,0,1,NA,NA,NA,NA,NA,NA,NA,0,0,0,NA,NA,NA
"TEDGINN","WR","Ted Ginn Jr.","CAR",17,43,0,NA,NA,NA,NA,NA,NA,NA,NA,NA,NA,NA,0,0,NA
"SAMBRADFORD","QB","Sam Bradford","PHI",8,43,0,NA,NA,NA,NA,NA,NA,NA,NA,NA,NA,NA,NA,NA,NA
"JOSEPHRANDLE","RB","Joseph Randle","DAL",14,43,0,NA,NA,NA,NA,NA,NA,NA,NA,NA,NA,NA,NA,NA,NA
"EDDIEROYAL","WR","Eddie Royal","CHI",17,43,0,NA,NA,NA,NA,NA,NA,NA,NA,NA,NA,NA,NA,NA,NA
"JORDYNELSON","WR","Jordy Nelson","GB",17,43,0,NA,NA,NA,NA,NA,NA,NA,NA,NA,NA,NA,NA,NA,NA
"KELVINBENJAMIN","WR","Kelvin Benjamin","CAR",17,43,0,NA,NA,NA,NA,NA,NA,NA,NA,NA,NA,NA,NA,NA,NA
"KEVINWHITE","WR","Kevin White","CHI",17,43,0,NA,NA,NA,NA,NA,NA,NA,NA,NA,NA,NA,NA,NA,NA
"TYMONTGOMERY","WR","Ty Montgomery","GB",17,43,0,NA,NA,NA,NA,NA,NA,NA,NA,NA,NA,NA,NA,NA,NA
"TIMWRIGHT","TE","Tim Wright","DET",7,43,0,NA,NA,NA,NA,NA,NA,NA,NA,NA,NA,NA,NA,NA,NA
"COREYBROWN","WR","Corey Brown","CAR",17,43,0,NA,NA,NA,NA,NA,NA,NA,NA,NA,NA,NA,NA,NA,NA
"VINCEMAYLE","WR","Vince Mayle","DAL",17,43,0,NA,NA,NA,NA,NA,NA,NA,NA,NA,NA,NA,NA,NA,NA
"BENMALENA","RB","Ben Malena","DAL",14,43,0,NA,NA,NA,NA,NA,NA,NA,NA,NA,NA,NA,NA,NA,NA
"JAMESBUTLER","WR","James Butler","GB",17,43,0,NA,NA,NA,NA,NA,NA,NA,NA,NA,NA,NA,NA,NA,NA
"DEONBUTLER","TE","Deon Butler","DET",7,43,0,NA,NA,NA,NA,NA,NA,NA,NA,NA,NA,NA,NA,NA,NA
"JACOBMAXWELL","TE","Jacob Maxwell","DET",7,43,0,NA,NA,NA,NA,NA,NA,NA,NA,NA,NA,NA,NA,NA,NA
"ANDREWPEACOCK","WR","Andrew Peacock","DET",17,43,0,NA,NA,NA,NA,NA,NA,NA,NA,NA,NA,NA,NA,NA,NA
"QURONPRATT","WR","Quron Pratt","PHI",17,43,0,NA,NA,NA,NA,NA,NA,NA,NA,NA,NA,NA,NA,NA,NA
"BLAKEANNEN","TE","Blake Annen","GB",7,43,0,NA,NA,NA,NA,NA,NA,NA,NA,NA,NA,NA,NA,NA,NA
"STEPHENMORRIS","QB","Stephen Morris","PHI",8,43,0,NA,NA,NA,NA,NA,NA,NA,NA,NA,NA,NA,NA,NA,NA
"JULIOJONES","WR","Julio Jones","ATL",29,67,NA,NA,NA,NA,NA,NA,NA,NA,NA,NA,NA,NA,NA,NA,NA
"AJGREEN","WR","A.J. Green","CIN",30,68,NA,NA,NA,NA,NA,NA,NA,NA,NA,NA,NA,NA,NA,NA,NA
"ROBGRONKOWSKI","TE","Rob Gronkowski","NE",14,69,NA,NA,NA,NA,NA,NA,NA,NA,NA,NA,NA,NA,NA,NA,NA
"ODELLBECKHAM","WR","Odell Beckham Jr.","NYG",31,70,NA,NA,NA,NA,NA,NA,NA,NA,NA,NA,NA,NA,NA,NA,NA
"DEANDREHOPKINS","WR","DeAndre Hopkins","HOU",32,71,NA,NA,NA,NA,NA,NA,NA,NA,NA,NA,NA,NA,NA,NA,NA
"DEMARYIUSTHOMAS","WR","Demaryius Thomas","DEN",33,72,NA,NA,NA,NA,NA,NA,NA,NA,NA,NA,NA,NA,NA,NA,NA
"ANTONIOBROWN","WR","Antonio Brown","PIT",34,73,NA,NA,NA,NA,NA,NA,NA,NA,NA,NA,NA,NA,NA,NA,NA
"ADRIANPETERSON","RB","Adrian Peterson","MIN",17,74,NA,NA,NA,NA,NA,NA,NA,NA,NA,NA,NA,NA,NA,NA,NA
"MIKEEVANS","WR","Mike Evans","TB",35,75,NA,NA,NA,NA,NA,NA,NA,NA,NA,NA,NA,NA,NA,NA,NA
"TOMBRADY","QB","Tom Brady","NE",10,76,NA,NA,NA,NA,NA,NA,NA,NA,NA,NA,NA,NA,NA,NA,NA
"LAMARMILLER","RB","Lamar Miller","MIA",18,77,NA,NA,NA,NA,NA,NA,NA,NA,NA,NA,NA,NA,NA,NA,NA
"LESEANMCCOY","RB","LeSean McCoy","BUF",19,78,NA,NA,NA,NA,NA,NA,NA,NA,NA,NA,NA,NA,NA,NA,NA
"LARRYFITZGERALD","WR","Larry Fitzgerald","ARI",36,79,NA,NA,NA,NA,NA,NA,NA,NA,NA,NA,NA,NA,NA,NA,NA
"BRANDONMARSHALL","WR","Brandon Marshall","NYJ",37,80,NA,NA,NA,NA,NA,NA,NA,NA,NA,NA,NA,NA,NA,NA,NA
"DREWBREES","QB","Drew Brees","NO",11,81,NA,NA,NA,NA,NA,NA,NA,NA,NA,NA,NA,NA,NA,NA,NA
"MARKINGRAM","RB","Mark Ingram","NO",20,82,NA,NA,NA,NA,NA,NA,NA,NA,NA,NA,NA,NA,NA,NA,NA
"TODDGURLEY","RB","Todd Gurley","STL",21,83,NA,NA,NA,NA,NA,NA,NA,NA,NA,NA,NA,NA,NA,NA,NA
"AMARICOOPER","WR","Amari Cooper","OAK",38,84,NA,NA,NA,NA,NA,NA,NA,NA,NA,NA,NA,NA,NA,NA,NA
"EMMANUELSANDERS","WR","Emmanuel Sanders","DEN",39,85,NA,NA,NA,NA,NA,NA,NA,NA,NA,NA,NA,NA,NA,NA,NA
"TYHILTON","WR","T.Y. Hilton","IND",40,86,NA,NA,NA,NA,NA,NA,NA,NA,NA,NA,NA,NA,NA,NA,NA
"ALLENROBINSON","WR","Allen Robinson","JAX",41,87,NA,NA,NA,NA,NA,NA,NA,NA,NA,NA,NA,NA,NA,NA,NA
"BRANDINCOOKS","WR","Brandin Cooks","NO",42,88,NA,NA,NA,NA,NA,NA,NA,NA,NA,NA,NA,NA,NA,NA,NA
"DEVONTAFREEMAN","RB","Devonta Freeman","ATL",22,89,NA,NA,NA,NA,NA,NA,NA,NA,NA,NA,NA,NA,NA,NA,NA
"CARSONPALMER","QB","Carson Palmer","ARI",12,90,NA,NA,NA,NA,NA,NA,NA,NA,NA,NA,NA,NA,NA,NA,NA
"JIMMYGRAHAM","TE","Jimmy Graham","SEA",15,91,NA,NA,NA,NA,NA,NA,NA,NA,NA,NA,NA,NA,NA,NA,NA
"LATAVIUSMURRAY","RB","Latavius Murray","OAK",23,92,NA,NA,NA,NA,NA,NA,NA,NA,NA,NA,NA,NA,NA,NA,NA
"CHRISIVORY","RB","Chris Ivory","NYJ",24,93,NA,NA,NA,NA,NA,NA,NA,NA,NA,NA,NA,NA,NA,NA,NA
"TYLEREIFERT","TE","Tyler Eifert","CIN",16,94,NA,NA,NA,NA,NA,NA,NA,NA,NA,NA,NA,NA,NA,NA,NA
"JARVISLANDRY","WR","Jarvis Landry","MIA",43,95,NA,NA,NA,NA,NA,NA,NA,NA,NA,NA,NA,NA,NA,NA,NA
"TRAVISKELCE","TE","Travis Kelce","KC",17,96,NA,NA,NA,NA,NA,NA,NA,NA,NA,NA,NA,NA,NA,NA,NA
"FRANKGORE","RB","Frank Gore","IND",25,97,NA,NA,NA,NA,NA,NA,NA,NA,NA,NA,NA,NA,NA,NA,NA
"DOUGMARTIN","RB","Doug Martin","TB",26,98,NA,NA,NA,NA,NA,NA,NA,NA,NA,NA,NA,NA,NA,NA,NA
"LEGARRETTEBLOUNT","RB","LeGarrette Blount","NE",27,99,NA,NA,NA,NA,NA,NA,NA,NA,NA,NA,NA,NA,NA,NA,NA
"MATTRYAN","QB","Matt Ryan","ATL",13,100,NA,NA,NA,NA,NA,NA,NA,NA,NA,NA,NA,NA,NA,NA,NA
"ERICDECKER","WR","Eric Decker","NYJ",44,101,NA,NA,NA,NA,NA,NA,NA,NA,NA,NA,NA,NA,NA,NA,NA
"BENROETHLISBERGER","QB","Ben Roethlisberger","PIT",14,102,NA,NA,NA,NA,NA,NA,NA,NA,NA,NA,NA,NA,NA,NA,NA
"PHILIPRIVERS","QB","Philip Rivers","SD",15,103,NA,NA,NA,NA,NA,NA,NA,NA,NA,NA,NA,NA,NA,NA,NA
"JEREMYHILL","RB","Jeremy Hill","CIN",28,104,NA,NA,NA,NA,NA,NA,NA,NA,NA,NA,NA,NA,NA,NA,NA
"MARTAVISBRYANT","WR","Martavis Bryant","PIT",45,105,NA,NA,NA,NA,NA,NA,NA,NA,NA,NA,NA,NA,NA,NA,NA
"ELIMANNING","QB","Eli Manning","NYG",16,106,NA,NA,NA,NA,NA,NA,NA,NA,NA,NA,NA,NA,NA,NA,NA
"RUSSELLWILSON","QB","Russell Wilson","SEA",17,107,NA,NA,NA,NA,NA,NA,NA,NA,NA,NA,NA,NA,NA,NA,NA
"DEANGELOWILLIAMS","RB","DeAngelo Williams","PIT",29,108,NA,NA,NA,NA,NA,NA,NA,NA,NA,NA,NA,NA,NA,NA,NA
"TJYELDON","RB","T.J. Yeldon","JAX",30,109,NA,NA,NA,NA,NA,NA,NA,NA,NA,NA,NA,NA,NA,NA,NA
"DELANIEWALKER","TE","Delanie Walker","TEN",18,110,NA,NA,NA,NA,NA,NA,NA,NA,NA,NA,NA,NA,NA,NA,NA
"ANDYDALTON","QB","Andy Dalton","CIN",18,111,NA,NA,NA,NA,NA,NA,NA,NA,NA,NA,NA,NA,NA,NA,NA
"MARSHAWNLYNCH","RB","Marshawn Lynch","SEA",31,112,NA,NA,NA,NA,NA,NA,NA,NA,NA,NA,NA,NA,NA,NA,NA
"GIOVANIBERNARD","RB","Giovani Bernard","CIN",32,113,NA,NA,NA,NA,NA,NA,NA,NA,NA,NA,NA,NA,NA,NA,NA
"JEREMYMACLIN","WR","Jeremy Maclin","KC",46,114,NA,NA,NA,NA,NA,NA,NA,NA,NA,NA,NA,NA,NA,NA,NA
"MICHAELCRABTREE","WR","Michael Crabtree","OAK",47,115,NA,NA,NA,NA,NA,NA,NA,NA,NA,NA,NA,NA,NA,NA,NA
"GARYBARNIDGE","TE","Gary Barnidge","CLE",19,116,NA,NA,NA,NA,NA,NA,NA,NA,NA,NA,NA,NA,NA,NA,NA
"JOHNBROWN","WR","John Brown","ARI",48,117,NA,NA,NA,NA,NA,NA,NA,NA,NA,NA,NA,NA,NA,NA,NA
"DANNYAMENDOLA","WR","Danny Amendola","NE",49,118,NA,NA,NA,NA,NA,NA,NA,NA,NA,NA,NA,NA,NA,NA,NA
"SAMMYWATKINS","WR","Sammy Watkins","BUF",50,119,NA,NA,NA,NA,NA,NA,NA,NA,NA,NA,NA,NA,NA,NA,NA
"CHRISJOHNSON","RB","Chris Johnson","ARI",33,120,NA,NA,NA,NA,NA,NA,NA,NA,NA,NA,NA,NA,NA,NA,NA
"CHARCANDRICKWEST","RB","Charcandrick West","KC",34,121,NA,NA,NA,NA,NA,NA,NA,NA,NA,NA,NA,NA,NA,NA,NA
"THOMASRAWLS","RB","Thomas Rawls","SEA",35,122,NA,NA,NA,NA,NA,NA,NA,NA,NA,NA,NA,NA,NA,NA,NA
"JORDANREED","TE","Jordan Reed","WAS",20,123,NA,NA,NA,NA,NA,NA,NA,NA,NA,NA,NA,NA,NA,NA,NA
"ALLENHURNS","WR","Allen Hurns","JAX",51,124,NA,NA,NA,NA,NA,NA,NA,NA,NA,NA,NA,NA,NA,NA,NA
"DESEANJACKSON","WR","DeSean Jackson","WAS",52,125,NA,NA,NA,NA,NA,NA,NA,NA,NA,NA,NA,NA,NA,NA,NA
"ANTONIOGATES","TE","Antonio Gates","SD",21,126,NA,NA,NA,NA,NA,NA,NA,NA,NA,NA,NA,NA,NA,NA,NA
"DEREKCARR","QB","Derek Carr","OAK",19,127,NA,NA,NA,NA,NA,NA,NA,NA,NA,NA,NA,NA,NA,NA,NA
"BRANDONLAFELL","WR","Brandon LaFell","NE",53,128,NA,NA,NA,NA,NA,NA,NA,NA,NA,NA,NA,NA,NA,NA,NA
"DANNYWOODHEAD","RB","Danny Woodhead","SD",36,129,NA,NA,NA,NA,NA,NA,NA,NA,NA,NA,NA,NA,NA,NA,NA
"MELVINGORDON","RB","Melvin Gordon","SD",37,130,NA,NA,NA,NA,NA,NA,NA,NA,NA,NA,NA,NA,NA,NA,NA
"CJANDERSON","RB","C.J. Anderson","DEN",38,131,NA,NA,NA,NA,NA,NA,NA,NA,NA,NA,NA,NA,NA,NA,NA
"TRAVISBENJAMIN","WR","Travis Benjamin","CLE",54,132,NA,NA,NA,NA,NA,NA,NA,NA,NA,NA,NA,NA,NA,NA,NA
"STEFONDIGGS","WR","Stefon Diggs","MIN",55,133,NA,NA,NA,NA,NA,NA,NA,NA,NA,NA,NA,NA,NA,NA,NA
"STEVEJOHNSON","WR","Stevie Johnson","SD",56,134,NA,NA,NA,NA,NA,NA,NA,NA,NA,NA,NA,NA,NA,NA,NA
"ANDREWLUCK","QB","Andrew Luck","IND",20,135,NA,NA,NA,NA,NA,NA,NA,NA,NA,NA,NA,NA,NA,NA,NA
"VINCENTJACKSON","WR","Vincent Jackson","TB",57,136,NA,NA,NA,NA,NA,NA,NA,NA,NA,NA,NA,NA,NA,NA,NA
"JAVORIUSALLEN","RB","Javorius Allen","BAL",39,137,NA,NA,NA,NA,NA,NA,NA,NA,NA,NA,NA,NA,NA,NA,NA
"BLAKEBORTLES","QB","Blake Bortles","JAX",21,138,NA,NA,NA,NA,NA,NA,NA,NA,NA,NA,NA,NA,NA,NA,NA
"RONNIEHILLMAN","RB","Ronnie Hillman","DEN",40,139,NA,NA,NA,NA,NA,NA,NA,NA,NA,NA,NA,NA,NA,NA,NA
"PIERREGARCON","WR","Pierre Garcon","WAS",58,140,NA,NA,NA,NA,NA,NA,NA,NA,NA,NA,NA,NA,NA,NA,NA
"MICHAELFLOYD","WR","Michael Floyd","ARI",59,141,NA,NA,NA,NA,NA,NA,NA,NA,NA,NA,NA,NA,NA,NA,NA
"CARLOSHYDE","RB","Carlos Hyde","SF",41,142,NA,NA,NA,NA,NA,NA,NA,NA,NA,NA,NA,NA,NA,NA,NA
"JULIUSTHOMAS","TE","Julius Thomas","JAX",22,143,NA,NA,NA,NA,NA,NA,NA,NA,NA,NA,NA,NA,NA,NA,NA
"RYANTANNEHILL","QB","Ryan Tannehill","MIA",22,144,NA,NA,NA,NA,NA,NA,NA,NA,NA,NA,NA,NA,NA,NA,NA
"TAVONAUSTIN","WR","Tavon Austin","STL",60,145,NA,NA,NA,NA,NA,NA,NA,NA,NA,NA,NA,NA,NA,NA,NA
"RISHARDMATTHEWS","WR","Rishard Matthews","MIA",61,146,NA,NA,NA,NA,NA,NA,NA,NA,NA,NA,NA,NA,NA,NA,NA
"DONTEMONCRIEF","WR","Donte Moncrief","IND",62,147,NA,NA,NA,NA,NA,NA,NA,NA,NA,NA,NA,NA,NA,NA,NA
"WILLIESNEAD","WR","Willie Snead","NO",63,148,NA,NA,NA,NA,NA,NA,NA,NA,NA,NA,NA,NA,NA,NA,NA
"RASHADJENNINGS","RB","Rashad Jennings","NYG",42,149,NA,NA,NA,NA,NA,NA,NA,NA,NA,NA,NA,NA,NA,NA,NA
"PEYTONMANNING","QB","Peyton Manning","DEN",23,150,NA,NA,NA,NA,NA,NA,NA,NA,NA,NA,NA,NA,NA,NA,NA
"SPENCERWARE","RB","Spencer Ware","KC",43,151,NA,NA,NA,NA,NA,NA,NA,NA,NA,NA,NA,NA,NA,NA,NA
"ANDREJOHNSON","WR","Andre Johnson","IND",64,152,NA,NA,NA,NA,NA,NA,NA,NA,NA,NA,NA,NA,NA,NA,NA
"ANQUANBOLDIN","WR","Anquan Boldin","SF",65,153,NA,NA,NA,NA,NA,NA,NA,NA,NA,NA,NA,NA,NA,NA,NA
"JUSTINFORSETT","RB","Justin Forsett","BAL",44,154,NA,NA,NA,NA,NA,NA,NA,NA,NA,NA,NA,NA,NA,NA,NA
"BENJAMINWATSON","TE","Benjamin Watson","NO",23,155,NA,NA,NA,NA,NA,NA,NA,NA,NA,NA,NA,NA,NA,NA,NA
"ANDREELLINGTON","RB","Andre Ellington","ARI",45,156,NA,NA,NA,NA,NA,NA,NA,NA,NA,NA,NA,NA,NA,NA,NA
"VERNONDAVIS","TE","Vernon Davis","DEN",24,157,NA,NA,NA,NA,NA,NA,NA,NA,NA,NA,NA,NA,NA,NA,NA
"KARLOSWILLIAMS","RB","Karlos Williams","BUF",46,158,NA,NA,NA,NA,NA,NA,NA,NA,NA,NA,NA,NA,NA,NA,NA
"MARVINJONES","WR","Marvin Jones","CIN",66,159,NA,NA,NA,NA,NA,NA,NA,NA,NA,NA,NA,NA,NA,NA,NA
"CJSPILLER","RB","C.J. Spiller","NO",47,160,NA,NA,NA,NA,NA,NA,NA,NA,NA,NA,NA,NA,NA,NA,NA
"KAMARAIKEN","WR","Kamar Aiken","BAL",67,161,NA,NA,NA,NA,NA,NA,NA,NA,NA,NA,NA,NA,NA,NA,NA
"JULIANEDELMAN","WR","Julian Edelman","NE",68,162,NA,NA,NA,NA,NA,NA,NA,NA,NA,NA,NA,NA,NA,NA,NA
"SHANEVEREEN","RB","Shane Vereen","NYG",48,163,NA,NA,NA,NA,NA,NA,NA,NA,NA,NA,NA,NA,NA,NA,NA
"ALFREDBLUE","RB","Alfred Blue","HOU",49,164,NA,NA,NA,NA,NA,NA,NA,NA,NA,NA,NA,NA,NA,NA,NA
"TEVINCOLEMAN","RB","Tevin Coleman","ATL",50,165,NA,NA,NA,NA,NA,NA,NA,NA,NA,NA,NA,NA,NA,NA,NA
"JORDANCAMERON","TE","Jordan Cameron","MIA",25,166,NA,NA,NA,NA,NA,NA,NA,NA,NA,NA,NA,NA,NA,NA,NA
"ANTONIOANDREWS","RB","Antonio Andrews","TEN",51,167,NA,NA,NA,NA,NA,NA,NA,NA,NA,NA,NA,NA,NA,NA,NA
"MATTJONES","RB","Matt Jones","WAS",52,168,NA,NA,NA,NA,NA,NA,NA,NA,NA,NA,NA,NA,NA,NA,NA
"MIKEWALLACE","WR","Mike Wallace","MIN",69,169,NA,NA,NA,NA,NA,NA,NA,NA,NA,NA,NA,NA,NA,NA,NA
"ALFREDMORRIS","RB","Alfred Morris","WAS",53,170,NA,NA,NA,NA,NA,NA,NA,NA,NA,NA,NA,NA,NA,NA,NA
"DUKEJOHNSON","RB","Duke Johnson Jr.","CLE",54,171,NA,NA,NA,NA,NA,NA,NA,NA,NA,NA,NA,NA,NA,NA,NA
"KENDALLWRIGHT","WR","Kendall Wright","TEN",70,172,NA,NA,NA,NA,NA,NA,NA,NA,NA,NA,NA,NA,NA,NA,NA
"KYLERUDOLPH","TE","Kyle Rudolph","MIN",26,173,NA,NA,NA,NA,NA,NA,NA,NA,NA,NA,NA,NA,NA,NA,NA
"MARCUSMARIOTA","QB","Marcus Mariota","TEN",24,174,NA,NA,NA,NA,NA,NA,NA,NA,NA,NA,NA,NA,NA,NA,NA
"MARQUESCOLSTON","WR","Marques Colston","NO",71,175,NA,NA,NA,NA,NA,NA,NA,NA,NA,NA,NA,NA,NA,NA,NA
"JAMEISWINSTON","QB","Jameis Winston","TB",25,176,NA,NA,NA,NA,NA,NA,NA,NA,NA,NA,NA,NA,NA,NA,NA
"TEDDYBRIDGEWATER","QB","Teddy Bridgewater","MIN",26,177,NA,NA,NA,NA,NA,NA,NA,NA,NA,NA,NA,NA,NA,NA,NA
"RUEBENRANDLE","WR","Rueben Randle","NYG",72,178,NA,NA,NA,NA,NA,NA,NA,NA,NA,NA,NA,NA,NA,NA,NA
"TORREYSMITH","WR","Torrey Smith","SF",73,179,NA,NA,NA,NA,NA,NA,NA,NA,NA,NA,NA,NA,NA,NA,NA
"AHMADBRADSHAW","RB","Ahmad Bradshaw","IND",55,180,NA,NA,NA,NA,NA,NA,NA,NA,NA,NA,NA,NA,NA,NA,NA
"CHARLESCLAY","TE","Charles Clay","BUF",27,181,NA,NA,NA,NA,NA,NA,NA,NA,NA,NA,NA,NA,NA,NA,NA
"TYRODTAYLOR","QB","Tyrod Taylor","BUF",27,182,NA,NA,NA,NA,NA,NA,NA,NA,NA,NA,NA,NA,NA,NA,NA
"RODDYWHITE","WR","Roddy White","ATL",74,183,NA,NA,NA,NA,NA,NA,NA,NA,NA,NA,NA,NA,NA,NA,NA
"JAMESWHITE","RB","James White","NE",56,184,NA,NA,NA,NA,NA,NA,NA,NA,NA,NA,NA,NA,NA,NA,NA
"DOUGBALDWIN","WR","Doug Baldwin","SEA",75,185,NA,NA,NA,NA,NA,NA,NA,NA,NA,NA,NA,NA,NA,NA,NA
"JOEFLACCO","QB","Joe Flacco","BAL",28,186,NA,NA,NA,NA,NA,NA,NA,NA,NA,NA,NA,NA,NA,NA,NA
"BRIANHOYER","QB","Brian Hoyer","HOU",29,187,NA,NA,NA,NA,NA,NA,NA,NA,NA,NA,NA,NA,NA,NA,NA
"CHARLESSIMS","RB","Charles Sims","TB",57,188,NA,NA,NA,NA,NA,NA,NA,NA,NA,NA,NA,NA,NA,NA,NA
"CROCKETTGILLMORE","TE","Crockett Gillmore","BAL",28,189,NA,NA,NA,NA,NA,NA,NA,NA,NA,NA,NA,NA,NA,NA,NA
"LEVEONBELL","RB","Le'Veon Bell","PIT",58,190,NA,NA,NA,NA,NA,NA,NA,NA,NA,NA,NA,NA,NA,NA,NA
"HEATHMILLER","TE","Heath Miller","PIT",29,191,NA,NA,NA,NA,NA,NA,NA,NA,NA,NA,NA,NA,NA,NA,NA
"ALEXSMITH","QB","Alex Smith","KC",30,192,NA,NA,NA,NA,NA,NA,NA,NA,NA,NA,NA,NA,NA,NA,NA
"OWENDANIELS","TE","Owen Daniels","DEN",30,193,NA,NA,NA,NA,NA,NA,NA,NA,NA,NA,NA,NA,NA,NA,NA
"AUSTINSEFERIANJENKINS","TE","Austin Seferian-Jenkins","RIA",31,194,NA,NA,NA,NA,NA,NA,NA,NA,NA,NA,NA,NA,NA,NA,NA
"NATEWASHINGTON","WR","Nate Washington","HOU",76,195,NA,NA,NA,NA,NA,NA,NA,NA,NA,NA,NA,NA,NA,NA,NA
"ISAIAHCROWELL","RB","Isaiah Crowell","CLE",59,196,NA,NA,NA,NA,NA,NA,NA,NA,NA,NA,NA,NA,NA,NA,NA
"MALCOMFLOYD","WR","Malcom Floyd","SD",77,197,NA,NA,NA,NA,NA,NA,NA,NA,NA,NA,NA,NA,NA,NA,NA
"JAMAALCHARLES","RB","Jamaal Charles","KC",60,198,NA,NA,NA,NA,NA,NA,NA,NA,NA,NA,NA,NA,NA,NA,NA
"KEENANALLEN","WR","Keenan Allen","SD",78,199,NA,NA,NA,NA,NA,NA,NA,NA,NA,NA,NA,NA,NA,NA,NA
"DWAYNEHARRIS","WR","Dwayne Harris","NYG",79,200,NA,NA,NA,NA,NA,NA,NA,NA,NA,NA,NA,NA,NA,NA,NA
"JACOBTAMME","TE","Jacob Tamme","ATL",32,201,NA,NA,NA,NA,NA,NA,NA,NA,NA,NA,NA,NA,NA,NA,NA
"KIRKCOUSINS","QB","Kirk Cousins","WAS",31,202,NA,NA,NA,NA,NA,NA,NA,NA,NA,NA,NA,NA,NA,NA,NA
"SHAUNDRAUGHN","RB","Shaun Draughn","SF",61,203,NA,NA,NA,NA,NA,NA,NA,NA,NA,NA,NA,NA,NA,NA,NA
"COLINKAEPERNICK","QB","Colin Kaepernick","SF",32,204,NA,NA,NA,NA,NA,NA,NA,NA,NA,NA,NA,NA,NA,NA,NA
"DAVIDJOHNSON","RB","David Johnson","ARI",62,205,NA,NA,NA,NA,NA,NA,NA,NA,NA,NA,NA,NA,NA,NA,NA
"RYANFITZPATRICK","QB","Ryan Fitzpatrick","NYJ",33,206,NA,NA,NA,NA,NA,NA,NA,NA,NA,NA,NA,NA,NA,NA,NA
"CHARLESJOHNSON","WR","Charles Johnson","MIN",80,207,NA,NA,NA,NA,NA,NA,NA,NA,NA,NA,NA,NA,NA,NA,NA
"DWAYNEALLEN","TE","Dwayne Allen","IND",33,208,NA,NA,NA,NA,NA,NA,NA,NA,NA,NA,NA,NA,NA,NA,NA
"STEVESMITH","WR","Steve Smith Sr.","BAL",81,209,NA,NA,NA,NA,NA,NA,NA,NA,NA,NA,NA,NA,NA,NA,NA
"LARRYDONNELL","TE","Larry Donnell","NYG",34,210,NA,NA,NA,NA,NA,NA,NA,NA,NA,NA,NA,NA,NA,NA,NA
"LADARIUSGREEN","TE","Ladarius Green","SD",35,211,NA,NA,NA,NA,NA,NA,NA,NA,NA,NA,NA,NA,NA,NA,NA
"TYLERLOCKETT","WR","Tyler Lockett","SEA",82,212,NA,NA,NA,NA,NA,NA,NA,NA,NA,NA,NA,NA,NA,NA,NA
"JAYAJAYI","RB","Jay Ajayi","MIA",63,213,NA,NA,NA,NA,NA,NA,NA,NA,NA,NA,NA,NA,NA,NA,NA
"COBYFLEENER","TE","Coby Fleener","IND",36,214,NA,NA,NA,NA,NA,NA,NA,NA,NA,NA,NA,NA,NA,NA,NA
"BROCKOSWEILER","QB","Brock Osweiler","DEN",34,215,NA,NA,NA,NA,NA,NA,NA,NA,NA,NA,NA,NA,NA,NA,NA
"DORIALGREENBECKHAM","WR","Dorial Green-Beckham","REE",83,216,NA,NA,NA,NA,NA,NA,NA,NA,NA,NA,NA,NA,NA,NA,NA
"WESWELKER","WR","Wes Welker","STL",84,217,NA,NA,NA,NA,NA,NA,NA,NA,NA,NA,NA,NA,NA,NA,NA
"VICTORCRUZ","WR","Victor Cruz","NYG",85,218,NA,NA,NA,NA,NA,NA,NA,NA,NA,NA,NA,NA,NA,NA,NA
"JAMISONCROWDER","WR","Jamison Crowder","WAS",86,219,NA,NA,NA,NA,NA,NA,NA,NA,NA,NA,NA,NA,NA,NA,NA
"KENNYSTILLS","WR","Kenny Stills","MIA",87,220,NA,NA,NA,NA,NA,NA,NA,NA,NA,NA,NA,NA,NA,NA,NA
"DAVIDCOBB","RB","David Cobb","TEN",64,221,NA,NA,NA,NA,NA,NA,NA,NA,NA,NA,NA,NA,NA,NA,NA
"JOSHHILL","TE","Josh Hill","NO",37,222,NA,NA,NA,NA,NA,NA,NA,NA,NA,NA,NA,NA,NA,NA,NA
"ARIANFOSTER","RB","Arian Foster","HOU",65,223,NA,NA,NA,NA,NA,NA,NA,NA,NA,NA,NA,NA,NA,NA,NA
"DEXTERMCCLUSTER","RB","Dexter McCluster","TEN",66,224,NA,NA,NA,NA,NA,NA,NA,NA,NA,NA,NA,NA,NA,NA,NA
"LEONARDHANKERSON","WR","Leonard Hankerson","ATL",88,225,NA,NA,NA,NA,NA,NA,NA,NA,NA,NA,NA,NA,NA,NA,NA
"MATTHASSELBECK","QB","Matt Hasselbeck","IND",35,226,NA,NA,NA,NA,NA,NA,NA,NA,NA,NA,NA,NA,NA,NA,NA
"ROBERTWOODS","WR","Robert Woods","BUF",89,227,NA,NA,NA,NA,NA,NA,NA,NA,NA,NA,NA,NA,NA,NA,NA
"MARKUSWHEATON","WR","Markus Wheaton","PIT",90,228,NA,NA,NA,NA,NA,NA,NA,NA,NA,NA,NA,NA,NA,NA,NA
"JJNELSON","WR","J.J. Nelson","ARI",91,229,NA,NA,NA,NA,NA,NA,NA,NA,NA,NA,NA,NA,NA,NA,NA
"CECILSHORTS","WR","Cecil Shorts III","HOU",92,230,NA,NA,NA,NA,NA,NA,NA,NA,NA,NA,NA,NA,NA,NA,NA
"DONTRELLEINMAN","WR","Dontrelle Inman","SD",93,231,NA,NA,NA,NA,NA,NA,NA,NA,NA,NA,NA,NA,NA,NA,NA
"DIONLEWIS","RB","Dion Lewis","NE",67,232,NA,NA,NA,NA,NA,NA,NA,NA,NA,NA,NA,NA,NA,NA,NA
"PERCYHARVIN","WR","Percy Harvin","BUF",94,233,NA,NA,NA,NA,NA,NA,NA,NA,NA,NA,NA,NA,NA,NA,NA
"CHRISGIVENS","WR","Chris Givens","BAL",95,234,NA,NA,NA,NA,NA,NA,NA,NA,NA,NA,NA,NA,NA,NA,NA
"BRIANQUICK","WR","Brian Quick","STL",96,235,NA,NA,NA,NA,NA,NA,NA,NA,NA,NA,NA,NA,NA,NA,NA
"BISHOPSANKEY","RB","Bishop Sankey","TEN",68,236,NA,NA,NA,NA,NA,NA,NA,NA,NA,NA,NA,NA,NA,NA,NA
"JOSHMCCOWN","QB","Josh McCown","CLE",36,237,NA,NA,NA,NA,NA,NA,NA,NA,NA,NA,NA,NA,NA,NA,NA
"TREMASON","RB","Tre Mason","STL",69,238,NA,NA,NA,NA,NA,NA,NA,NA,NA,NA,NA,NA,NA,NA,NA
"KESHAWNMARTIN","WR","Keshawn Martin","NE",97,239,NA,NA,NA,NA,NA,NA,NA,NA,NA,NA,NA,NA,NA,NA,NA
"BILALPOWELL","RB","Bilal Powell","NYJ",70,240,NA,NA,NA,NA,NA,NA,NA,NA,NA,NA,NA,NA,NA,NA,NA
"CHRISTHOMPSON","RB","Chris Thompson","WAS",71,241,NA,NA,NA,NA,NA,NA,NA,NA,NA,NA,NA,NA,NA,NA,NA
"BRANDONBOLDEN","RB","Brandon Bolden","NE",72,242,NA,NA,NA,NA,NA,NA,NA,NA,NA,NA,NA,NA,NA,NA,NA
"KNILEDAVIS","RB","Knile Davis","KC",73,243,NA,NA,NA,NA,NA,NA,NA,NA,NA,NA,NA,NA,NA,NA,NA
"JAREDCOOK","TE","Jared Cook","STL",38,244,NA,NA,NA,NA,NA,NA,NA,NA,NA,NA,NA,NA,NA,NA,NA
"ANDREWILLIAMS","RB","Andre Williams","NYG",74,245,NA,NA,NA,NA,NA,NA,NA,NA,NA,NA,NA,NA,NA,NA,NA
"NICKFOLES","QB","Nick Foles","STL",37,246,NA,NA,NA,NA,NA,NA,NA,NA,NA,NA,NA,NA,NA,NA,NA
"REGGIEBUSH","RB","Reggie Bush","SF",75,247,NA,NA,NA,NA,NA,NA,NA,NA,NA,NA,NA,NA,NA,NA,NA
"DEVANTEPARKER","WR","DeVante Parker","MIA",98,248,NA,NA,NA,NA,NA,NA,NA,NA,NA,NA,NA,NA,NA,NA,NA
"JERMAINEKEARSE","WR","Jermaine Kearse","SEA",99,249,NA,NA,NA,NA,NA,NA,NA,NA,NA,NA,NA,NA,NA,NA,NA
"BRANDONCOLEMAN","WR","Brandon Coleman","NO",100,250,NA,NA,NA,NA,NA,NA,NA,NA,NA,NA,NA,NA,NA,NA,NA
"MOHAMEDSANU","WR","Mohamed Sanu","CIN",101,251,NA,NA,NA,NA,NA,NA,NA,NA,NA,NA,NA,NA,NA,NA,NA
"DEANTHONYTHOMASKC","RB","De'Anthony Thomas KC","KC",76,252,NA,NA,NA,NA,NA,NA,NA,NA,NA,NA,NA,NA,NA,NA,NA
"CHRISPOLK","RB","Chris Polk","HOU",77,253,NA,NA,NA,NA,NA,NA,NA,NA,NA,NA,NA,NA,NA,NA,NA
"CHRISTINEMICHAEL","RB","Christine Michael","WAS",78,254,NA,NA,NA,NA,NA,NA,NA,NA,NA,NA,NA,NA,NA,NA,NA
"FREDJACKSON","RB","Fred Jackson","SEA",79,255,NA,NA,NA,NA,NA,NA,NA,NA,NA,NA,NA,NA,NA,NA,NA
"JOHNNYMANZIEL","QB","Johnny Manziel","CLE",38,256,NA,NA,NA,NA,NA,NA,NA,NA,NA,NA,NA,NA,NA,NA,NA
"JONATHANGRIMES","RB","Jonathan Grimes","HOU",80,257,NA,NA,NA,NA,NA,NA,NA,NA,NA,NA,NA,NA,NA,NA,NA
"ORLEANSDARKWA","RB","Orleans Darkwa","NYG",81,258,NA,NA,NA,NA,NA,NA,NA,NA,NA,NA,NA,NA,NA,NA,NA
"KENNYBRITT","WR","Kenny Britt","STL",102,259,NA,NA,NA,NA,NA,NA,NA,NA,NA,NA,NA,NA,NA,NA,NA
"BRESHADPERRIMAN","WR","Breshad Perriman","BAL",103,260,NA,NA,NA,NA,NA,NA,NA,NA,NA,NA,NA,NA,NA,NA,NA
"MATTSCHAUB","QB","Matt Schaub","BAL",39,261,NA,NA,NA,NA,NA,NA,NA,NA,NA,NA,NA,NA,NA,NA,NA
"DENARDROBINSON","RB","Denard Robinson","JAX",82,262,NA,NA,NA,NA,NA,NA,NA,NA,NA,NA,NA,NA,NA,NA,NA
"SCOTTCHANDLER","TE","Scott Chandler","NE",39,263,NA,NA,NA,NA,NA,NA,NA,NA,NA,NA,NA,NA,NA,NA,NA
"HAKEEMNICKS","WR","Hakeem Nicks","NYG",104,264,NA,NA,NA,NA,NA,NA,NA,NA,NA,NA,NA,NA,NA,NA,NA
"PIERRETHOMAS","RB","Pierre Thomas","SF",83,265,NA,NA,NA,NA,NA,NA,NA,NA,NA,NA,NA,NA,NA,NA,NA
"CODYLATIMER","WR","Cody Latimer","DEN",105,266,NA,NA,NA,NA,NA,NA,NA,NA,NA,NA,NA,NA,NA,NA,NA
"BLAINEGABBERT","QB","Blaine Gabbert","SF",40,267,NA,NA,NA,NA,NA,NA,NA,NA,NA,NA,NA,NA,NA,NA,NA
"MARCELREECE","RB","Marcel Reece","OAK",84,268,NA,NA,NA,NA,NA,NA,NA,NA,NA,NA,NA,NA,NA,NA,NA
"KENDALLGASKINS","RB","Kendall Gaskins","SF",85,269,NA,NA,NA,NA,NA,NA,NA,NA,NA,NA,NA,NA,NA,NA,NA
"TAIWANJONES","RB","Taiwan Jones","OAK",86,270,NA,NA,NA,NA,NA,NA,NA,NA,NA,NA,NA,NA,NA,NA,NA
"PHILLIPDORSETT","WR","Phillip Dorsett","IND",106,271,NA,NA,NA,NA,NA,NA,NA,NA,NA,NA,NA,NA,NA,NA,NA
"CHRISHOGAN","WR","Chris Hogan","BUF",107,272,NA,NA,NA,NA,NA,NA,NA,NA,NA,NA,NA,NA,NA,NA,NA
"MYCHALRIVERA","TE","Mychal Rivera","OAK",40,273,NA,NA,NA,NA,NA,NA,NA,NA,NA,NA,NA,NA,NA,NA,NA
"BRANDENOLIVER","RB","Branden Oliver","SD",87,274,NA,NA,NA,NA,NA,NA,NA,NA,NA,NA,NA,NA,NA,NA,NA
"ANDREHOLMES","WR","Andre Holmes","OAK",108,275,NA,NA,NA,NA,NA,NA,NA,NA,NA,NA,NA,NA,NA,NA,NA
"ROBERTGRIFFIN","QB","Robert Griffin III","WAS",41,276,NA,NA,NA,NA,NA,NA,NA,NA,NA,NA,NA,NA,NA,NA,NA
"DWAYNEBOWE","WR","Dwayne Bowe","CLE",109,277,NA,NA,NA,NA,NA,NA,NA,NA,NA,NA,NA,NA,NA,NA,NA
"TJYATES","QB","T.J. Yates","HOU",42,278,NA,NA,NA,NA,NA,NA,NA,NA,NA,NA,NA,NA,NA,NA,NA
"JORDANTODMAN","RB","Jordan Todman","PIT",88,279,NA,NA,NA,NA,NA,NA,NA,NA,NA,NA,NA,NA,NA,NA,NA
"MATTASIATA","RB","Matt Asiata","MIN",89,280,NA,NA,NA,NA,NA,NA,NA,NA,NA,NA,NA,NA,NA,NA,NA
"DARRIUSHEYWARDBEY","WR","Darrius Heyward-Bey","WAR",110,281,NA,NA,NA,NA,NA,NA,NA,NA,NA,NA,NA,NA,NA,NA,NA
"DARRENFELLS","TE","Darren Fells","ARI",41,282,NA,NA,NA,NA,NA,NA,NA,NA,NA,NA,NA,NA,NA,NA,NA
"LANDRYJONES","QB","Landry Jones","PIT",43,283,NA,NA,NA,NA,NA,NA,NA,NA,NA,NA,NA,NA,NA,NA,NA
"GENOSMITH","QB","Geno Smith","NYJ",44,284,NA,NA,NA,NA,NA,NA,NA,NA,NA,NA,NA,NA,NA,NA,NA
"JONASGRAY","RB","Jonas Gray","MIA",90,285,NA,NA,NA,NA,NA,NA,NA,NA,NA,NA,NA,NA,NA,NA,NA
"BOOBIEDIXON","RB","Boobie Dixon","BUF",91,286,NA,NA,NA,NA,NA,NA,NA,NA,NA,NA,NA,NA,NA,NA,NA
"CLIVEWALFORD","TE","Clive Walford","OAK",42,287,NA,NA,NA,NA,NA,NA,NA,NA,NA,NA,NA,NA,NA,NA,NA
"MAXXWILLIAMS","TE","Maxx Williams","BAL",43,288,NA,NA,NA,NA,NA,NA,NA,NA,NA,NA,NA,NA,NA,NA,NA
"KHIRYROBINSON","RB","Khiry Robinson","NO",92,289,NA,NA,NA,NA,NA,NA,NA,NA,NA,NA,NA,NA,NA,NA,NA
"WILLTYE","TE","Will Tye","NYG",44,290,NA,NA,NA,NA,NA,NA,NA,NA,NA,NA,NA,NA,NA,NA,NA
"HARRYDOUGLAS","WR","Harry Douglas","TEN",111,291,NA,NA,NA,NA,NA,NA,NA,NA,NA,NA,NA,NA,NA,NA,NA
"CHRISHARPER","WR","Chris Harper","NE",112,292,NA,NA,NA,NA,NA,NA,NA,NA,NA,NA,NA,NA,NA,NA,NA
"CORDARRELLEPATTERSON","WR","Cordarrelle Patterson","MIN",113,293,NA,NA,NA,NA,NA,NA,NA,NA,NA,NA,NA,NA,NA,NA,NA
"TERRANCEWEST","RB","Terrance West","BAL",93,294,NA,NA,NA,NA,NA,NA,NA,NA,NA,NA,NA,NA,NA,NA,NA
"REGGIEWAYNE","WR","Reggie Wayne","NE",114,295,NA,NA,NA,NA,NA,NA,NA,NA,NA,NA,NA,NA,NA,NA,NA
"JUSTINHUNTER","WR","Justin Hunter","TEN",115,296,NA,NA,NA,NA,NA,NA,NA,NA,NA,NA,NA,NA,NA,NA,NA
"JOSHGORDON","WR","Josh Gordon","CLE",116,297,NA,NA,NA,NA,NA,NA,NA,NA,NA,NA,NA,NA,NA,NA,NA
"GARRETTCELEK","TE","Garrett Celek","SF",45,298,NA,NA,NA,NA,NA,NA,NA,NA,NA,NA,NA,NA,NA,NA,NA
"JERICKMCKINNON","RB","Jerick McKinnon","MIN",94,299,NA,NA,NA,NA,NA,NA,NA,NA,NA,NA,NA,NA,NA,NA,NA
"MIKEVICK","QB","Mike Vick","PIT",45,300,NA,NA,NA,NA,NA,NA,NA,NA,NA,NA,NA,NA,NA,NA,NA
"GREGJENNINGS","WR","Greg Jennings","MIA",117,301,NA,NA,NA,NA,NA,NA,NA,NA,NA,NA,NA,NA,NA,NA,NA
"JERMAINEGRESHAM","TE","Jermaine Gresham","ARI",46,302,NA,NA,NA,NA,NA,NA,NA,NA,NA,NA,NA,NA,NA,NA,NA
"ANTHONYFASANO","TE","Anthony Fasano","TEN",47,303,NA,NA,NA,NA,NA,NA,NA,NA,NA,NA,NA,NA,NA,NA,NA
"BENNYCUNNINGHAM","RB","Benny Cunningham","STL",95,304,NA,NA,NA,NA,NA,NA,NA,NA,NA,NA,NA,NA,NA,NA,NA
"STEVANRIDLEY","RB","Stevan Ridley","NYJ",96,305,NA,NA,NA,NA,NA,NA,NA,NA,NA,NA,NA,NA,NA,NA,NA
"CASEKEENUM","QB","Case Keenum","STL",46,306,NA,NA,NA,NA,NA,NA,NA,NA,NA,NA,NA,NA,NA,NA,NA
"BRIANHARTLINE","WR","Brian Hartline","CLE",118,307,NA,NA,NA,NA,NA,NA,NA,NA,NA,NA,NA,NA,NA,NA,NA
"JAVONTEEHERNDON","WR","Javontee Herndon","SD",119,308,NA,NA,NA,NA,NA,NA,NA,NA,NA,NA,NA,NA,NA,NA,NA
"ANDREWHAWKINS","WR","Andrew Hawkins","CLE",120,309,NA,NA,NA,NA,NA,NA,NA,NA,NA,NA,NA,NA,NA,NA,NA
"ROYHELU","RB","Roy Helu Jr.","OAK",97,310,NA,NA,NA,NA,NA,NA,NA,NA,NA,NA,NA,NA,NA,NA,NA
"BRYANWALTERS","WR","Bryan Walters","JAX",121,311,NA,NA,NA,NA,NA,NA,NA,NA,NA,NA,NA,NA,NA,NA,NA
"JARONBROWN","WR","Jaron Brown","ARI",122,312,NA,NA,NA,NA,NA,NA,NA,NA,NA,NA,NA,NA,NA,NA,NA
"KEITHMUMPHERY","WR","Keith Mumphery","HOU",123,313,NA,NA,NA,NA,NA,NA,NA,NA,NA,NA,NA,NA,NA,NA,NA
"EJMANUEL","QB","EJ Manuel","BUF",47,314,NA,NA,NA,NA,NA,NA,NA,NA,NA,NA,NA,NA,NA,NA,NA
"BRAYLONBELL","WR","Braylon Bell","WAS",124,315,NA,NA,NA,NA,NA,NA,NA,NA,NA,NA,NA,NA,NA,NA,NA
"BLAKEBELL","TE","Blake Bell","SF",48,316,NA,NA,NA,NA,NA,NA,NA,NA,NA,NA,NA,NA,NA,NA,NA
"JARRYDHAYNE","RB","Jarryd Hayne","SF",98,317,NA,NA,NA,NA,NA,NA,NA,NA,NA,NA,NA,NA,NA,NA,NA
"JOEDONDUNCAN","TE","Joe Don Duncan","DEN",49,318,NA,NA,NA,NA,NA,NA,NA,NA,NA,NA,NA,NA,NA,NA,NA
"JEFFHEUERMAN","TE","Jeff Heuerman","DEN",50,319,NA,NA,NA,NA,NA,NA,NA,NA,NA,NA,NA,NA,NA,NA,NA
"DURONCARTER","WR","Duron Carter","IND",125,320,NA,NA,NA,NA,NA,NA,NA,NA,NA,NA,NA,NA,NA,NA,NA
"TONYCREECY","RB","Tony Creecy","NE",99,321,NA,NA,NA,NA,NA,NA,NA,NA,NA,NA,NA,NA,NA,NA,NA
"JAELENSTRONG","WR","Jaelen Strong","HOU",126,322,NA,NA,NA,NA,NA,NA,NA,NA,NA,NA,NA,NA,NA,NA,NA
"DEVINSMITH","WR","Devin Smith","NYJ",127,323,NA,NA,NA,NA,NA,NA,NA,NA,NA,NA,NA,NA,NA,NA,NA
"LTSMITH","WR","L.T. Smith","IND",128,324,NA,NA,NA,NA,NA,NA,NA,NA,NA,NA,NA,NA,NA,NA,NA
"GARRETTGRAYSON","QB","Garrett Grayson","NO",48,325,NA,NA,NA,NA,NA,NA,NA,NA,NA,NA,NA,NA,NA,NA,NA
"RICKYSEALE","RB","Ricky Seale","BUF",100,326,NA,NA,NA,NA,NA,NA,NA,NA,NA,NA,NA,NA,NA,NA,NA
"JALSTONFOWLER","RB","Jalston Fowler","TEN",101,327,NA,NA,NA,NA,NA,NA,NA,NA,NA,NA,NA,NA,NA,NA,NA
"CHRISCONLEY","WR","Chris Conley","KC",129,328,NA,NA,NA,NA,NA,NA,NA,NA,NA,NA,NA,NA,NA,NA,NA
"JUSTINHARDY","WR","Justin Hardy","ATL",130,329,NA,NA,NA,NA,NA,NA,NA,NA,NA,NA,NA,NA,NA,NA,NA
"TYLERKROFT","TE","Tyler Kroft","CIN",51,330,NA,NA,NA,NA,NA,NA,NA,NA,NA,NA,NA,NA,NA,NA,NA
"BRYCEPETTY","QB","Bryce Petty","NYJ",49,331,NA,NA,NA,NA,NA,NA,NA,NA,NA,NA,NA,NA,NA,NA,NA
"BRAYLONHEARD","RB","Braylon Heard","PIT",102,332,NA,NA,NA,NA,NA,NA,NA,NA,NA,NA,NA,NA,NA,NA,NA
"ERNSTBRUN","TE","Ernst Brun","WAS",52,333,NA,NA,NA,NA,NA,NA,NA,NA,NA,NA,NA,NA,NA,NA,NA
"SEANMANNION","QB","Sean Mannion","STL",50,334,NA,NA,NA,NA,NA,NA,NA,NA,NA,NA,NA,NA,NA,NA,NA
"SAMMIECOATES","WR","Sammie Coates","PIT",131,335,NA,NA,NA,NA,NA,NA,NA,NA,NA,NA,NA,NA,NA,NA,NA
"NICJACOBS","TE","Nic Jacobs","JAX",53,336,NA,NA,NA,NA,NA,NA,NA,NA,NA,NA,NA,NA,NA,NA,NA
"SEANTAVIUSJONES","WR","Seantavius Jones","NO",132,337,NA,NA,NA,NA,NA,NA,NA,NA,NA,NA,NA,NA,NA,NA,NA
"MARCUSLUCAS","WR","Marcus Lucas","MIA",133,338,NA,NA,NA,NA,NA,NA,NA,NA,NA,NA,NA,NA,NA,NA,NA
"JERONHAMM","TE","Je'Ron Hamm","WAS",54,339,NA,NA,NA,NA,NA,NA,NA,NA,NA,NA,NA,NA,NA,NA,NA
"TIMOTHYFLANDERS","RB","Timothy Flanders","CLE",103,340,NA,NA,NA,NA,NA,NA,NA,NA,NA,NA,NA,NA,NA,NA,NA
"SETHLOBATO","QB","Seth Lobato","TB",51,341,NA,NA,NA,NA,NA,NA,NA,NA,NA,NA,NA,NA,NA,NA,NA
"DANLIGHT","TE","Dan Light","DEN",55,342,NA,NA,NA,NA,NA,NA,NA,NA,NA,NA,NA,NA,NA,NA,NA
"ERIKSWOOPE","TE","Erik Swoope","IND",56,343,NA,NA,NA,NA,NA,NA,NA,NA,NA,NA,NA,NA,NA,NA,NA
"ZURLONTIPTON","RB","Zurlon Tipton","IND",104,344,NA,NA,NA,NA,NA,NA,NA,NA,NA,NA,NA,NA,NA,NA,NA
"TONYWASHINGTON","WR","Tony Washington","JAX",134,345,NA,NA,NA,NA,NA,NA,NA,NA,NA,NA,NA,NA,NA,NA,NA
"ANTHONYEZEAKUNNE","TE","Anthony Ezeakunne","CLE",57,346,NA,NA,NA,NA,NA,NA,NA,NA,NA,NA,NA,NA,NA,NA,NA
"MICHAELBENNETT","WR","Michael Bennett","CIN",135,347,NA,NA,NA,NA,NA,NA,NA,NA,NA,NA,NA,NA,NA,NA,NA
"JACEDAVIS","WR","Jace Davis","HOU",136,348,NA,NA,NA,NA,NA,NA,NA,NA,NA,NA,NA,NA,NA,NA,NA
"RAYAGNEW","RB","Ray Agnew","WAS",105,349,NA,NA,NA,NA,NA,NA,NA,NA,NA,NA,NA,NA,NA,NA,NA
"CHANDLERJONES","WR","Chandler Jones","TB",137,350,NA,NA,NA,NA,NA,NA,NA,NA,NA,NA,NA,NA,NA,NA,NA
"JEREMYBUTLER","WR","Jeremy Butler","BAL",138,351,NA,NA,NA,NA,NA,NA,NA,NA,NA,NA,NA,NA,NA,NA,NA
"TREYWATTS","RB","Trey Watts","STL",106,352,NA,NA,NA,NA,NA,NA,NA,NA,NA,NA,NA,NA,NA,NA,NA
"DARRINREAVES","RB","Darrin Reaves","KC",107,353,NA,NA,NA,NA,NA,NA,NA,NA,NA,NA,NA,NA,NA,NA,NA
"JOSHSTEWART","WR","Josh Stewart","TEN",139,354,NA,NA,NA,NA,NA,NA,NA,NA,NA,NA,NA,NA,NA,NA,NA
"ERICWARD","WR","Eric Ward","CIN",140,355,NA,NA,NA,NA,NA,NA,NA,NA,NA,NA,NA,NA,NA,NA,NA
"ALEXBAYER","TE","Alex Bayer","SD",58,356,NA,NA,NA,NA,NA,NA,NA,NA,NA,NA,NA,NA,NA,NA,NA
"DONTEFOSTER","WR","Donte Foster","SD",141,357,NA,NA,NA,NA,NA,NA,NA,NA,NA,NA,NA,NA,NA,NA,NA
"ERIKLORA","WR","Erik Lora","JAX",142,358,NA,NA,NA,NA,NA,NA,NA,NA,NA,NA,NA,NA,NA,NA,NA
"HENRYJOSEY","RB","Henry Josey","MIN",108,359,NA,NA,NA,NA,NA,NA,NA,NA,NA,NA,NA,NA,NA,NA,NA
"DAVIDFLUELLEN","RB","David Fluellen","TEN",109,360,NA,NA,NA,NA,NA,NA,NA,NA,NA,NA,NA,NA,NA,NA,NA
"CHASEDIXON","TE","Chase Dixon","WAS",59,361,NA,NA,NA,NA,NA,NA,NA,NA,NA,NA,NA,NA,NA,NA,NA
"KAPRIBIBBS","RB","Kapri Bibbs","DEN",110,362,NA,NA,NA,NA,NA,NA,NA,NA,NA,NA,NA,NA,NA,NA,NA
"KADRONBOONE","WR","Kadron Boone","IND",143,363,NA,NA,NA,NA,NA,NA,NA,NA,NA,NA,NA,NA,NA,NA,NA
"TEVINREESE","WR","Tevin Reese","CIN",144,364,NA,NA,NA,NA,NA,NA,NA,NA,NA,NA,NA,NA,NA,NA,NA
"JAMESWRIGHT","WR","James Wright","CIN",145,365,NA,NA,NA,NA,NA,NA,NA,NA,NA,NA,NA,NA,NA,NA,NA
"JEREMYGALLON","WR","Jeremy Gallon","OAK",146,366,NA,NA,NA,NA,NA,NA,NA,NA,NA,NA,NA,NA,NA,NA,NA
"TREYMILLARD","RB","Trey Millard","SF",111,367,NA,NA,NA,NA,NA,NA,NA,NA,NA,NA,NA,NA,NA,NA,NA
"ISAIAHBURSE","WR","Isaiah Burse","SD",147,368,NA,NA,NA,NA,NA,NA,NA,NA,NA,NA,NA,NA,NA,NA,NA
"BENNIEFOWLER","WR","Bennie Fowler","DEN",148,369,NA,NA,NA,NA,NA,NA,NA,NA,NA,NA,NA,NA,NA,NA,NA
"MARCELJENSEN","TE","Marcel Jensen","ATL",60,370,NA,NA,NA,NA,NA,NA,NA,NA,NA,NA,NA,NA,NA,NA,NA
"DJTIALAVEA","TE","D.J. Tialavea","ATL",61,371,NA,NA,NA,NA,NA,NA,NA,NA,NA,NA,NA,NA,NA,NA,NA
"KAINCOLTER","WR","Kain Colter","MIN",149,372,NA,NA,NA,NA,NA,NA,NA,NA,NA,NA,NA,NA,NA,NA,NA
"DOMINIQUEWILLIAMS","RB","Dominique Williams","MIN",112,373,NA,NA,NA,NA,NA,NA,NA,NA,NA,NA,NA,NA,NA,NA,NA
"DAMIANCOPELAND","WR","Damian Copeland","JAX",150,374,NA,NA,NA,NA,NA,NA,NA,NA,NA,NA,NA,NA,NA,NA,NA
"TERRANCECOBB","RB","Terrance Cobb","OAK",113,375,NA,NA,NA,NA,NA,NA,NA,NA,NA,NA,NA,NA,NA,NA,NA
