"name","name_cbs","pos","team_cbs","positionRank_cbs","overallRank_cbs","passAtt_cbs","passComp_cbs","passYds_cbs","passTds_cbs","passInt_cbs","passCompPct_cbs","passYdsPerAtt_cbs","rushAtt_cbs","rushYds_cbs","rushYdsPerAtt_cbs","rushTds_cbs","rec_cbs","recYds_cbs","recYdsPerRec_cbs","recTds_cbs","twoPts_cbs","fumbles_cbs","pts_cbs"
"BRYCEPETTY","Bryce Petty","QB","NYJ",1,1,0,0,0,0,0,0,0,0,0,0,0,NA,NA,NA,NA,NA,0,0
"CHASEDANIEL","Chase Daniel","QB","KC",1,1,0.2,0.1,1.1,0,0,58.8,4.9,0.2,0.9,4.9,0,NA,NA,NA,NA,NA,0,0
"TJYATES","T.J. Yates","QB","ATL",1,1,0,0,0,0,0,0,0,0,0,0,0,NA,NA,NA,NA,NA,0,0
"DEREKANDERSON","Derek Anderson","QB","CAR",1,1,0.3,0.2,2.1,0,0,68.6,7.4,0.2,0.5,3.2,0,NA,NA,NA,NA,NA,0,0
"JOEFLACCO","Joe Flacco","QB","BAL",1,1,37.6,23.1,241,1.8,1,61.4,6.4,2.5,6,2.4,0.1,NA,NA,NA,NA,NA,0.1,0
"JOSHFREEMAN","Josh Freeman","QB","MIA",1,1,0,0,0,0,0,0,0,0,0,0,0,NA,NA,NA,NA,NA,0,0
"AUSTINDAVIS","Austin Davis","QB","CLE",1,1,0.7,0.4,3.9,0,0,59.3,6,0.2,0.4,2.3,0,NA,NA,NA,NA,NA,0,0
"TONYROMO","Tony Romo","QB","DAL",1,1,29.9,19.5,267,2.2,1.1,65.2,8.9,1.5,4.3,2.8,0,NA,NA,NA,NA,NA,0.2,0
"PATDEVLIN","Pat Devlin","QB","CLE",1,1,0,0,0,0,0,0,0,0,0,0,0,NA,NA,NA,NA,NA,0,0
"ANDYDALTON","Andy Dalton","QB","CIN",1,1,31.7,21.2,232,1.5,0.9,66.9,7.3,3.6,11.4,3.2,0.2,NA,NA,NA,NA,NA,0.2,0
"RYANTANNEHILL","Ryan Tannehill","QB","MIA",1,1,38.5,27.1,302,1.7,0.8,70.4,7.8,3.2,19.3,6,0.1,NA,NA,NA,NA,NA,0.2,0
"LANDRYJONES","Landry Jones","QB","PIT",1,1,0,0,0,0,0,0,0,0,0,0,0,NA,NA,NA,NA,NA,0,0
"ALEXSMITH","Alex Smith","QB","KC",1,1,31.8,19.6,203,1.3,0.7,61.6,6.4,3.9,23.3,6,0.1,NA,NA,NA,NA,NA,0.2,0
"TARVARISJACKSON","Tarvaris Jackson","QB","SEA",1,1,0.1,0,0.5,0,0,75,10.1,0,0.1,1.2,0,NA,NA,NA,NA,NA,0,0
"JOSHMCCOWN","Josh McCown","QB","CLE",1,1,27.8,16.1,221,0.9,0.8,57.9,7.9,2.5,12.5,5,0.1,NA,NA,NA,NA,NA,0.1,0
"MATTHEWSTAFFORD","Matthew Stafford","QB","DET",1,1,41.1,25,301,1.3,0.8,60.8,7.3,2.5,7.3,3,0.1,NA,NA,NA,NA,NA,0.3,0
"BRADSORENSEN","Brad Sorensen","QB","SD",1,1,0,0,0,0,0,0,0,0,0,0,0,NA,NA,NA,NA,NA,0,0
"THADLEWIS","Thad Lewis","QB","CLE",1,1,0,0,0,0,0,0,0,0,0,0,0,NA,NA,NA,NA,NA,0,0
"BRYNRENNER","Bryn Renner","QB","BAL",1,1,0,0,0,0,0,0,0,0,0,0,0,NA,NA,NA,NA,NA,0,0
"RJARCHER","R.J. Archer","QB","SEA",1,1,0,0,0,0,0,0,0,0,0,0,0,NA,NA,NA,NA,NA,0,0
"TYRODTAYLOR","Tyrod Taylor","QB","BUF",1,1,33.7,18.8,213,1.5,1,55.8,6.3,4.5,28.1,6.3,0.1,NA,NA,NA,NA,NA,0.3,0
"DREWBREES","Drew Brees","QB","NO",1,1,36,24.7,279,1.2,1.1,68.6,7.8,1.6,4.1,2.5,0.1,NA,NA,NA,NA,NA,0.2,0
"RYANNASSIB","Ryan Nassib","QB","NYG",1,1,0,0,0.4,0,0,75,9.8,0,0.1,2.2,0,NA,NA,NA,NA,NA,0,0
"PHILIPRIVERS","Philip Rivers","QB","SD",1,1,34.4,23.5,278,1.9,1.1,68.3,8.1,2.2,5.5,2.5,0,NA,NA,NA,NA,NA,0.2,0
"SEANRENFREE","Sean Renfree","QB","ATL",1,1,0,0,0.3,0,0,64.1,8.4,0,0,3.9,0,NA,NA,NA,NA,NA,0,0
"JAMEISWINSTON","Jameis Winston","QB","TB",1,1,32.2,18.9,225,1.6,1.2,58.7,7,2.6,13,4.9,0.1,NA,NA,NA,NA,NA,0.1,0
"DANORLOVSKY","Dan Orlovsky","QB","DET",1,1,0,0,0.3,0,0,61.5,7.4,0,0,5,0,NA,NA,NA,NA,NA,0,0
"PEYTONMANNING","Peyton Manning","QB","DEN",1,1,34.5,23.2,289,2.2,0.7,67.2,8.4,1.6,2.1,1.4,0,NA,NA,NA,NA,NA,0.2,0
"MIKEGLENNON","Mike Glennon","QB","TB",1,1,0.6,0.4,4.6,0,0,61.3,7.3,0.2,0.6,3.8,0,NA,NA,NA,NA,NA,0,0
"MATTBARKLEY","Matt Barkley","QB","ARI",1,1,0,0,0,0,0,0,0,0,0,0,0,NA,NA,NA,NA,NA,0,0
"BRANDONWEEDEN","Brandon Weeden","QB","DAL",1,1,0.4,0.2,2.9,0,0,58.1,8.2,0.2,0.5,3.2,0,NA,NA,NA,NA,NA,0,0
"ELIMANNING","Eli Manning","QB","NYG",1,1,36.3,24.8,279,1.4,0.9,68.3,7.7,0.9,2.5,2.8,0,NA,NA,NA,NA,NA,0.4,0
"BJDANIELS","B.J. Daniels","QB","SEA",1,1,0,0,0,0,0,0,0,0,0,0,0,NA,NA,NA,NA,NA,0,0
"JIMMYGAROPPOLO","Jimmy Garoppolo","QB","NE",1,1,0.1,0.1,0.6,0,0,62.6,6.3,0.1,0.1,1.4,0,NA,NA,NA,NA,NA,0,0
"MATTFLYNN","Matt Flynn","QB","NYJ",1,1,0,0,0,0,0,0,0,0,0,0,0,NA,NA,NA,NA,NA,0,0
"DAVIDFALES","David Fales","QB","CHI",1,1,0,0,0,0,0,0,0,0,0,0,0,NA,NA,NA,NA,NA,0,0
"TOMBRADY","Tom Brady","QB","NE",1,1,39.1,23.6,284,2.1,0.7,60.4,7.3,2.4,3,1.3,0.1,NA,NA,NA,NA,NA,0.2,0
"JAYCUTLER","Jay Cutler","QB","CHI",1,1,37.7,23.1,258,1.7,1.6,61.3,6.8,2.5,14.3,5.8,0.1,NA,NA,NA,NA,NA,0.2,0
"CAMNEWTON","Cam Newton","QB","CAR",1,1,30.5,19.8,230,1.3,0.8,64.9,7.5,7.3,40.8,5.6,0.3,NA,NA,NA,NA,NA,0.3,0
"MATTSCHAUB","Matt Schaub","QB","BAL",1,1,0.4,0.2,2.7,0,0,60.7,6.9,0,0.2,5.4,0,NA,NA,NA,NA,NA,0,0
"DYLANTHOMPSON","Dylan Thompson","QB","SF",1,1,0,0,0,0,0,0,0,0,0,0,0,NA,NA,NA,NA,NA,0,0
"CHARLIEWHITEHURST","Charlie Whitehurst","QB","TEN",1,1,0,0,0,0,0,0,0,0,0,0,0,NA,NA,NA,NA,NA,0,0
"DREWSTANTON","Drew Stanton","QB","ARI",1,1,0.6,0.3,4.7,0,0,55.6,7.7,0.2,0.8,4,0,NA,NA,NA,NA,NA,0,0
"CHADHENNE","Chad Henne","QB","JAC",1,1,0.6,0.4,3.7,0,0,58.2,6,0.1,0.7,5.4,0,NA,NA,NA,NA,NA,0,0
"CHRISTIANPONDER","Christian Ponder","QB","OAK",1,1,0,0,0,0,0,0,0,0,0,0,0,NA,NA,NA,NA,NA,0,0
"JOEWEBB","Joe Webb","QB","CAR",1,1,0,0,0,0,0,0,0,0,0,0,0,NA,NA,NA,NA,NA,0,0
"RICKYSTANZI","Ricky Stanzi","QB","NYG",1,1,0,0,0,0,0,0,0,0,0,0,0,NA,NA,NA,NA,NA,0,0
"MATTHASSELBECK","Matt Hasselbeck","QB","IND",1,1,0.2,0.1,1.1,0,0,59.5,6.4,0.1,0.1,0.8,0,NA,NA,NA,NA,NA,0,0
"SCOTTTOLZIEN","Scott Tolzien","QB","GB",1,1,0.2,0.1,1.9,0,0,68.6,9.1,0.1,0.9,12.7,0,NA,NA,NA,NA,NA,0,0
"AARONRODGERS","Aaron Rodgers","QB","GB",1,1,33.5,23.4,288,2.1,0.7,69.9,8.6,2.7,17.4,6.4,0.1,NA,NA,NA,NA,NA,0.2,0
"BENROETHLISBERGER","Ben Roethlisberger","QB","PIT",1,1,38.4,24.8,303,1.4,0.9,64.6,7.9,1.9,4.4,2.3,0,NA,NA,NA,NA,NA,0.3,0
"ZACDYSERT","Zac Dysert","QB","HOU",1,1,0,0,0,0,0,0,0,0,0,0,0,NA,NA,NA,NA,NA,0,0
"RUSSELLWILSON","Russell Wilson","QB","SEA",1,1,27.5,19,249,1.5,0.6,69.1,9.1,6.6,48.3,7.3,0.2,NA,NA,NA,NA,NA,0.2,0
"KELLENCLEMENS","Kellen Clemens","QB","SD",1,1,0.5,0.3,4,0,0,68.1,8,0.1,0.3,2.2,0,NA,NA,NA,NA,NA,0,0
"NICKFOLES","Nick Foles","QB","STL",1,1,30.5,18.1,181,1.3,1.2,59.3,5.9,2.4,8.2,3.4,0.1,NA,NA,NA,NA,NA,0.2,0
"RYANLINDLEY","Ryan Lindley","QB","NE",1,1,0,0,0,0,0,0,0,0,0,0,0,NA,NA,NA,NA,NA,0,0
"SETHLOBATO","Seth Lobato","QB","TB",1,1,0,0,0,0,0,0,0,0,0,0,0,NA,NA,NA,NA,NA,0,0
"STEPHENMORRIS","Stephen Morris","QB","PHI",1,1,0,0,0,0,0,0,0,0,0,0,0,NA,NA,NA,NA,NA,0,0
"MICHAELVICK","Michael Vick","QB","PIT",1,1,0.4,0.3,3.2,0,0,62.4,7.8,0.3,2.3,7,0,NA,NA,NA,NA,NA,0,0
"BRIANHOYER","Brian Hoyer","QB","HOU",1,1,31.2,16.9,207,1.2,1,54.2,6.6,1.8,4.2,2.3,0,NA,NA,NA,NA,NA,0.2,0
"JIMMYCLAUSEN","Jimmy Clausen","QB","CHI",1,1,0.1,0.1,0.7,0,0,55.7,5.1,0,0.1,3.3,0,NA,NA,NA,NA,NA,0,0
"BRETTHUNDLEY","Brett Hundley","QB","GB",1,1,0,0,0,0,0,0,0,0,0,0,0,NA,NA,NA,NA,NA,0,0
"LOGANTHOMAS","Logan Thomas","QB","MIA",1,1,0,0,0,0,0,0,0,0,0,0,0,NA,NA,NA,NA,NA,0,0
"SAMBRADFORD","Sam Bradford","QB","PHI",1,1,32.5,21,284,1.6,0.8,64.6,8.7,2.7,9.2,3.4,0,NA,NA,NA,NA,NA,0.2,0
"JOHNNYMANZIEL","Johnny Manziel","QB","CLE",1,1,4.8,2.7,37.1,0.1,0.1,56.9,7.7,0.5,1.9,4,0,NA,NA,NA,NA,NA,0,0
"MATTRYAN","Matt Ryan","QB","ATL",1,1,38.8,24.2,320,2,1.3,62.4,8.2,1.4,6.4,4.6,0,NA,NA,NA,NA,NA,0.2,0
"JOSHJOHNSON","Josh Johnson","QB","NYJ",1,1,0,0,0,0,0,0,0,0,0,0,0,NA,NA,NA,NA,NA,0,0
"EJMANUEL","EJ Manuel","QB","BUF",1,1,0.7,0.4,4.7,0,0,57.2,6.5,0.3,1,3.6,0,NA,NA,NA,NA,NA,0,0
"TAYLORHEINICKE","Taylor Heinicke","QB","MIN",1,1,0,0,0,0,0,0,0,0,0,0,0,NA,NA,NA,NA,NA,0,0
"RYANMALLETT","Ryan Mallett","QB","HOU",1,1,0.2,0.1,1.4,0,0,50.5,6.2,0.1,0.1,1.4,0,NA,NA,NA,NA,NA,0,0
"TEDDYBRIDGEWATER","Teddy Bridgewater","QB","MIN",1,1,31.1,18,200,1.2,1.4,57.9,6.4,3.4,16.9,5,0.1,NA,NA,NA,NA,NA,0.1,0
"LUKEMCCOWN","Luke McCown","QB","NO",1,1,0,0,0.2,0,0,67.9,7.6,0,0,0.3,0,NA,NA,NA,NA,NA,0,0
"COLINKAEPERNICK","Colin Kaepernick","QB","SF",1,1,28.5,17.6,202,1.4,0.8,61.8,7.1,6.5,45.4,7,0.1,NA,NA,NA,NA,NA,0.3,0
"DUSTINVAUGHAN","Dustin Vaughan","QB","DAL",1,1,0,0,0,0,0,0,0,0,0,0,0,NA,NA,NA,NA,NA,0,0
"RYANFITZPATRICK","Ryan Fitzpatrick","QB","NYJ",1,1,28.6,15.2,176,1.4,1.4,53.1,6.2,3.4,17.1,5,0.2,NA,NA,NA,NA,NA,0.1,0
"CARSONPALMER","Carson Palmer","QB","ARI",1,1,38.2,21.3,284,2,0.9,55.8,7.4,1.6,4.2,2.7,0,NA,NA,NA,NA,NA,0.2,0
"CASEKEENUM","Case Keenum","QB","STL",1,1,0,0,0,0,0,0,0,0,0,0,0,NA,NA,NA,NA,NA,0,0
"SHAUNHILL","Shaun Hill","QB","MIN",1,1,0.6,0.3,3.5,0,0,56.9,6.2,0.1,0.1,1.2,0,NA,NA,NA,NA,NA,0,0
"COLTMCCOY","Colt McCoy","QB","WAS",1,1,0.5,0.3,3.4,0,0,63.4,7.2,0.2,0.8,3.7,0,NA,NA,NA,NA,NA,0,0
"AJMCCARRON","AJ McCarron","QB","CIN",1,1,0,0,0.2,0,0,66.7,7.4,0,0.1,4.2,0,NA,NA,NA,NA,NA,0,0
"ZACHMETTENBERGER","Zach Mettenberger","QB","TEN",1,1,0.5,0.3,3.7,0,0,68.9,8.3,0.1,0.2,2.9,0,NA,NA,NA,NA,NA,0,0
"MATTMCGLOIN","Matt McGloin","QB","OAK",1,1,0.5,0.3,3.2,0,0,55.1,5.9,0.2,0.5,2.3,0,NA,NA,NA,NA,NA,0,0
"DEREKCARR","Derek Carr","QB","OAK",1,1,38.5,21.3,214,1.4,1.2,55.3,5.6,2.1,7.9,3.7,0,NA,NA,NA,NA,NA,0.2,0
"KELLENMOORE","Kellen Moore","QB","DET",1,1,0,0,0,0,0,0,0,0,0,0,0,NA,NA,NA,NA,NA,0,0
"BRYANBENNETT","Bryan Bennett","QB","IND",1,1,0,0,0,0,0,0,0,0,0,0,0,NA,NA,NA,NA,NA,0,0
"KIRKCOUSINS","Kirk Cousins","QB","WAS",1,1,31.5,19.3,229,1,2.1,61.3,7.3,1.1,3.5,3.4,0,NA,NA,NA,NA,NA,0.3,0
"MARKSANCHEZ","Mark Sanchez","QB","PHI",1,1,0.7,0.5,6.2,0,0,64,8.6,0.2,0.7,3,0,NA,NA,NA,NA,NA,0,0
"BROCKOSWEILER","Brock Osweiler","QB","DEN",1,1,0.1,0,0.4,0,0,56.7,6.4,0.1,0.1,0.9,0,NA,NA,NA,NA,NA,0,0
"RYANGRIFFIN","Ryan Griffin","QB","TB",1,1,0,0,0,0,0,0,0,0,0,0,0,NA,NA,NA,NA,NA,0,0
"BLAINEGABBERT","Blaine Gabbert","QB","SF",1,1,0.1,0.1,0.9,0,0,54.2,6.3,0.2,1,5.4,0,NA,NA,NA,NA,NA,0,0
"MATTMOORE","Matt Moore","QB","MIA",1,1,0,0,0.3,0,0,60,7.2,0,0,0.2,0,NA,NA,NA,NA,NA,0,0
"ANDREWLUCK","Andrew Luck","QB","IND",1,1,39.2,23.9,283,1.6,1.1,61,7.2,3.5,18.9,5.4,0.2,NA,NA,NA,NA,NA,0.2,0
"BLAKEBORTLES","Blake Bortles","QB","JAC",1,1,35.9,20.6,224,1.4,1.5,57.4,6.2,4,31.5,7.8,0,NA,NA,NA,NA,NA,0.1,0
"MATTCASSEL","Matt Cassel","QB","BUF",1,1,0,0,0,0,0,0,0,0,0,0,0,NA,NA,NA,NA,NA,0,0
"AARONMURRAY","Aaron Murray","QB","KC",1,1,0,0,0,0,0,0,0,0,0,0,0,NA,NA,NA,NA,NA,0,0
"MARCUSMARIOTA","Marcus Mariota","QB","TEN",1,1,30,20,240,1.2,1,66.7,8,4.1,24.3,6,0.1,NA,NA,NA,NA,NA,0.2,0
"JEREMYLANGFORD","Jeremy Langford","RB","CHI",1,1,NA,NA,NA,NA,NA,NA,NA,0.3,1.3,4,0,0.1,0.6,8.2,0,NA,0,0
"JONATHANSTEWART","Jonathan Stewart","RB","CAR",1,1,NA,NA,NA,NA,NA,NA,NA,11.5,55.6,4.8,0.2,1.7,11.6,6.8,0.1,NA,0.1,0
"ANTONIOANDREWS","Antonio Andrews","RB","TEN",1,1,NA,NA,NA,NA,NA,NA,NA,5.1,21.9,4.3,0.1,2.2,19.5,8.8,0.1,NA,0.1,0
"KERWYNNWILLIAMS","Kerwynn Williams","RB","ARI",1,1,NA,NA,NA,NA,NA,NA,NA,0,0,0,0,0,0,0,0,NA,0,0
"TERRANCEWEST","Terrance West","RB","TEN",1,1,NA,NA,NA,NA,NA,NA,NA,0.8,3.5,4.5,0,0.1,0.4,5.5,0,NA,0,0
"DEMARCOMURRAY","DeMarco Murray","RB","PHI",1,1,NA,NA,NA,NA,NA,NA,NA,15.7,76.4,4.9,0.7,3.4,26.7,7.9,0,NA,0.4,0
"DUJUANHARRIS","DuJuan Harris","RB","MIN",1,1,NA,NA,NA,NA,NA,NA,NA,0,0,0,0,0,0,0,0,NA,0,0
"MALCOLMBROWN","Malcolm Brown","RB","STL",1,1,NA,NA,NA,NA,NA,NA,NA,0.4,1.2,2.9,0,0.1,0.5,6.9,0,NA,0,0
"ALFREDBLUE","Alfred Blue","RB","HOU",1,1,NA,NA,NA,NA,NA,NA,NA,13.9,63.4,4.6,0.2,1.1,9,8.3,0.1,NA,0.1,0
"CEDRICPEERMAN","Cedric Peerman","RB","CIN",1,1,NA,NA,NA,NA,NA,NA,NA,0.1,0.3,2.9,0,0,0.1,9.1,0,NA,0,0
"JORDANTODMAN","Jordan Todman","RB","PIT",1,1,NA,NA,NA,NA,NA,NA,NA,0,0,0,0,0,0,0,0,NA,0,0
"MIKEJAMES","Mike James","RB","TB",1,1,NA,NA,NA,NA,NA,NA,NA,0.5,1.9,4.1,0,0,0.1,2.5,0,NA,0,0
"CARLOSHYDE","Carlos Hyde","RB","SF",1,1,NA,NA,NA,NA,NA,NA,NA,13.3,63.9,4.8,0.4,1.3,9.2,6.9,0.1,NA,0.1,0
"ZACHBOREN","Zach Boren","RB","TEN",1,1,NA,NA,NA,NA,NA,NA,NA,0,0,0,0,0,0,0,0,NA,0,0
"JALSTONFOWLER","Jalston Fowler","RB","TEN",1,1,NA,NA,NA,NA,NA,NA,NA,1.2,5,4.3,0,0.7,5.7,8.4,0,NA,0,0
"BRYCEBROWN","Bryce Brown","RB","BUF",1,1,NA,NA,NA,NA,NA,NA,NA,0.3,1.3,4,0,0.1,1.2,11.2,0,NA,0,0
"TEVINCOLEMAN","Tevin Coleman","RB","ATL",1,1,NA,NA,NA,NA,NA,NA,NA,12.1,46.3,3.8,0.5,1.3,11.9,9.3,0.1,NA,0.1,0
"REXBURKHEAD","Rex Burkhead","RB","CIN",1,1,NA,NA,NA,NA,NA,NA,NA,0.1,0.4,4.1,0,0.1,1,9.1,0,NA,0,0
"LESEANMCCOY","LeSean McCoy","RB","BUF",1,1,NA,NA,NA,NA,NA,NA,NA,10.9,51,4.7,0.2,1.3,8.3,6.6,0,NA,0.2,0
"MONTEEBALL","Montee Ball","RB","DEN",1,1,NA,NA,NA,NA,NA,NA,NA,0,0,0,0,0,0,0,0,NA,0,0
"CHASEREYNOLDS","Chase Reynolds","RB","STL",1,1,NA,NA,NA,NA,NA,NA,NA,0,0,0,0,0,0,0,0,NA,0,0
"GUSJOHNSON","Gus Johnson","RB","DAL",1,1,NA,NA,NA,NA,NA,NA,NA,0,0,0,0,0,0,0,0,NA,0,0
"BRANDENOLIVER","Branden Oliver","RB","SD",1,1,NA,NA,NA,NA,NA,NA,NA,4.9,16.4,3.4,0.3,1.4,11.2,7.8,0,NA,0.1,0
"JAMAALCHARLES","Jamaal Charles","RB","KC",1,1,NA,NA,NA,NA,NA,NA,NA,14.1,71.9,5.1,0.5,3.2,24.9,7.9,0.4,NA,0.2,0
"CHRISTINEMICHAEL","Christine Michael","RB","DAL",1,1,NA,NA,NA,NA,NA,NA,NA,0.3,1.7,5.4,0,0,0.1,12.2,0,NA,0,0
"DARYLRICHARDSON","Daryl Richardson","RB","NYJ",1,1,NA,NA,NA,NA,NA,NA,NA,0,0,0,0,0,0,0,0,NA,0,0
"BERNARDPIERCE","Bernard Pierce","RB","JAC",1,1,NA,NA,NA,NA,NA,NA,NA,0.5,2.1,4.5,0,0,0.2,5.2,0,NA,0,0
"ALONZOHARRIS","Alonzo Harris","RB","GB",1,1,NA,NA,NA,NA,NA,NA,NA,0,0,0,0,0,0,0,0,NA,0,0
"MELVINGORDON","Melvin Gordon","RB","SD",1,1,NA,NA,NA,NA,NA,NA,NA,13.9,53.4,3.8,0.5,2.8,22.9,8.3,0.1,NA,0.1,0
"ANTHONYSHERMAN","Anthony Sherman","RB","KC",1,1,NA,NA,NA,NA,NA,NA,NA,0.2,0.7,3.7,0,1.1,8,7.3,0.1,NA,0,0
"ZACHZENNER","Zach Zenner","RB","DET",1,1,NA,NA,NA,NA,NA,NA,NA,0.3,1.2,4,0,0.1,0.6,8.5,0,NA,0,0
"MIKETOLBERT","Mike Tolbert","RB","CAR",1,1,NA,NA,NA,NA,NA,NA,NA,4.7,14,3,0.1,1.5,11.3,7.5,0.1,NA,0,0
"GEORGEATKINSON","George Atkinson","RB","OAK",1,1,NA,NA,NA,NA,NA,NA,NA,0,0,0,0,0,0,0,0,NA,0,0
"SHANEVEREEN","Shane Vereen","RB","NYG",1,1,NA,NA,NA,NA,NA,NA,NA,4.5,19.2,4.3,0.1,3.9,33.9,8.8,0.1,NA,0.1,0
"DEXTERMCCLUSTER","Dexter McCluster","RB","TEN",1,1,NA,NA,NA,NA,NA,NA,NA,4.5,17.8,3.9,0.1,3.5,28.9,8.2,0.1,NA,0.1,0
"ISAIAHPEAD","Isaiah Pead","RB","STL",1,1,NA,NA,NA,NA,NA,NA,NA,0,0,0,0,0,0,0,0,NA,0,0
"TERRELLWATSON","Terrell Watson","RB","CIN",1,1,NA,NA,NA,NA,NA,NA,NA,0,0,0,0,0,0,0,0,NA,0,0
"MIKEDAVIS","Mike Davis","RB","SF",1,1,NA,NA,NA,NA,NA,NA,NA,0.6,2.1,3.7,0,0.1,0.4,8.1,0,NA,0,0
"MATTASIATA","Matt Asiata","RB","MIN",1,1,NA,NA,NA,NA,NA,NA,NA,0.7,3.2,4.6,0,0.2,1.6,7,0,NA,0,0
"JARRYDHAYNE","Jarryd Hayne","RB","SF",1,1,NA,NA,NA,NA,NA,NA,NA,0,0,0,0,0,0,0,0,NA,0,0
"LAMICHAELJAMES","LaMichael James","RB","MIA",1,1,NA,NA,NA,NA,NA,NA,NA,4.5,19.1,4.3,0.1,1.3,9,6.8,0,NA,0.1,0
"BRUCEMILLER","Bruce Miller","RB","SF",1,1,NA,NA,NA,NA,NA,NA,NA,0.5,1,2,0,1.8,17.2,9.5,0.1,NA,0.1,0
"JOSHHARRIS","Josh Harris","RB","PIT",1,1,NA,NA,NA,NA,NA,NA,NA,0,0,0,0,0,0,0,0,NA,0,0
"MATTFORTE","Matt Forte","RB","CHI",1,1,NA,NA,NA,NA,NA,NA,NA,15.5,72,4.6,0.5,5.5,45.7,8.3,0.2,NA,0.2,0
"CHRISJOHNSON","Chris Johnson","RB","ARI",1,1,NA,NA,NA,NA,NA,NA,NA,7,29.7,4.2,0.1,0.9,7.8,8.6,0.1,NA,0.1,0
"JOHNCONNER","John Conner","RB","BUF",1,1,NA,NA,NA,NA,NA,NA,NA,0,0,0,0,0,0,0,0,NA,0,0
"VICKBALLARD","Vick Ballard","RB","IND",1,1,NA,NA,NA,NA,NA,NA,NA,0.3,1,3.8,0,0,0.1,5.1,0,NA,0,0
"KHIRYROBINSON","Khiry Robinson","RB","NO",1,1,NA,NA,NA,NA,NA,NA,NA,0.7,3.2,5,0,0.1,0.6,8.4,0,NA,0,0
"ZACSTACY","Zac Stacy","RB","NYJ",1,1,NA,NA,NA,NA,NA,NA,NA,3.6,17.7,4.9,0.1,0.5,3.9,7.5,0,NA,0.2,0
"JEROMESMITH","Jerome Smith","RB","ATL",1,1,NA,NA,NA,NA,NA,NA,NA,0,0,0,0,0,0,0,0,NA,0,0
"DAMIENWILLIAMS","Damien Williams","RB","MIA",1,1,NA,NA,NA,NA,NA,NA,NA,6,25.8,4.3,0.1,1.8,17.9,9.8,0.1,NA,0.1,0
"TOBENOPURUM","Toben Opurum","RB","NO",1,1,NA,NA,NA,NA,NA,NA,NA,0,0,0,0,0,0,0,0,NA,0,0
"JOHNKUHN","John Kuhn","RB","GB",1,1,NA,NA,NA,NA,NA,NA,NA,1.7,7,4.1,0.1,0.7,4.3,5.8,0,NA,0,0
"EDWINBAKER","Edwin Baker","RB","NO",1,1,NA,NA,NA,NA,NA,NA,NA,0,0,0,0,0,0,0,0,NA,0,0
"JUSTINFORSETT","Justin Forsett","RB","BAL",1,1,NA,NA,NA,NA,NA,NA,NA,17.1,80.2,4.7,0.4,3.1,17.3,5.5,0.1,NA,0.1,0
"RASHADJENNINGS","Rashad Jennings","RB","NYG",1,1,NA,NA,NA,NA,NA,NA,NA,13.3,57.6,4.3,0.3,3.3,24.6,7.5,0,NA,0.1,0
"WILLTUKUAFU","Will Tukuafu","RB","SEA",1,1,NA,NA,NA,NA,NA,NA,NA,0,0.1,3.9,0,0,0.2,5.8,0,NA,0,0
"ANTONESMITH","Antone Smith","RB","ATL",1,1,NA,NA,NA,NA,NA,NA,NA,0,0,0,0,0,0,0,0,NA,0,0
"ISAIAHCROWELL","Isaiah Crowell","RB","CLE",1,1,NA,NA,NA,NA,NA,NA,NA,12.6,50.6,4,0.4,1.2,9.5,8.1,0,NA,0.2,0
"CHARCANDRICKWEST","Charcandrick West","RB","KC",1,1,NA,NA,NA,NA,NA,NA,NA,0.4,1.4,4,0,0.1,0.4,7.1,0,NA,0,0
"JACQUIZZRODGERS","Jacquizz Rodgers","RB","CHI",1,1,NA,NA,NA,NA,NA,NA,NA,4.2,18.2,4.4,0.1,1.9,11.6,6.2,0.1,NA,0.1,0
"CJANDERSON","C.J. Anderson","RB","DEN",1,1,NA,NA,NA,NA,NA,NA,NA,15.1,58.5,3.9,0.7,2.6,25.8,9.7,0.1,NA,0.1,0
"JAVORIUSALLEN","Javorius Allen","RB","BAL",1,1,NA,NA,NA,NA,NA,NA,NA,8.2,37.6,4.6,0.3,1.1,7.9,7.3,0,NA,0.1,0
"DARRENSPROLES","Darren Sproles","RB","PHI",1,1,NA,NA,NA,NA,NA,NA,NA,5.1,22.2,4.4,0.3,3.1,33.3,10.6,0.1,NA,0.1,0
"CHRISIVORY","Chris Ivory","RB","NYJ",1,1,NA,NA,NA,NA,NA,NA,NA,11.5,56,4.9,0.4,0.9,6.2,6.8,0.1,NA,0.1,0
"STORMJOHNSON","Storm Johnson","RB","JAC",1,1,NA,NA,NA,NA,NA,NA,NA,0,0,0,0,0,0,0,0,NA,0,0
"RAYAGNEW","Ray Agnew","RB","WAS",1,1,NA,NA,NA,NA,NA,NA,NA,0,0,0,0,0,0,0,0,NA,0,0
"CJSPILLER","C.J. Spiller","RB","NO",1,1,NA,NA,NA,NA,NA,NA,NA,7.5,36.4,4.9,0.2,2.8,17.8,6.4,0.1,NA,0.1,0
"ORLEANSDARKWA","Orleans Darkwa","RB","NYG",1,1,NA,NA,NA,NA,NA,NA,NA,0.1,0.4,3.1,0,0.1,0.5,9.4,0,NA,0,0
"MATTJONES","Matt Jones","RB","WAS",1,1,NA,NA,NA,NA,NA,NA,NA,6.2,28,4.5,0.3,1.1,9.4,8.2,0,NA,0.1,0
"ROYHELU","Roy Helu","RB","OAK",1,1,NA,NA,NA,NA,NA,NA,NA,6,24.2,4,0.1,2.6,24.3,9.2,0.1,NA,0.1,0
"PAULLASIKE","Paul Lasike","RB","CHI",1,1,NA,NA,NA,NA,NA,NA,NA,0,0,0,0,0,0,0,0,NA,0,0
"FREDJACKSON","Fred Jackson","RB","SEA",1,1,NA,NA,NA,NA,NA,NA,NA,3.1,16.2,5.2,0.1,1.1,10.4,9.5,0,NA,0.1,0
"BENMALENA","Ben Malena","RB","DAL",1,1,NA,NA,NA,NA,NA,NA,NA,0,0,0,0,0,0,0,0,NA,0,0
"TREMASON","Tre Mason","RB","STL",1,1,NA,NA,NA,NA,NA,NA,NA,9.3,33.8,3.6,0.2,0.8,7.3,9.2,0.1,NA,0.2,0
"FRANKGORE","Frank Gore","RB","IND",1,1,NA,NA,NA,NA,NA,NA,NA,12.5,53.2,4.3,0.2,1.3,10.8,8.6,0.1,NA,0.1,0
"JONATHANGRIMES","Jonathan Grimes","RB","HOU",1,1,NA,NA,NA,NA,NA,NA,NA,6.8,29.5,4.3,0.1,1.3,10.6,8.2,0.1,NA,0.1,0
"ROOSEVELTNIX","Roosevelt Nix","RB","PIT",1,1,NA,NA,NA,NA,NA,NA,NA,0,0.2,5.1,0,0,0.2,8.9,0,NA,0,0
"TONYCREECY","Tony Creecy","RB","NE",1,1,NA,NA,NA,NA,NA,NA,NA,0,0,0,0,0,0,0,0,NA,0,0
"JOSEPHRANDLE","Joseph Randle","RB","DAL",1,1,NA,NA,NA,NA,NA,NA,NA,11.1,53.5,4.8,0.3,1.5,12.2,8.2,0.1,NA,0.1,0
"DERRICKCOLEMAN","Derrick Coleman","RB","SEA",1,1,NA,NA,NA,NA,NA,NA,NA,0.1,0.3,2,0,0.9,10.1,11.1,0.2,NA,0,0
"ADRIANPETERSON","Adrian Peterson","RB","MIN",1,1,NA,NA,NA,NA,NA,NA,NA,17.7,83.6,4.7,0.4,2,13.4,6.6,0.1,NA,0.1,0
"DARRELYOUNG","Darrel Young","RB","WAS",1,1,NA,NA,NA,NA,NA,NA,NA,0.6,2,3.3,0.2,0.6,5.4,8.3,0.1,NA,0,0
"FOZZYWHITTAKER","Fozzy Whittaker","RB","CAR",1,1,NA,NA,NA,NA,NA,NA,NA,5.4,23,4.3,0.1,1,11.1,11,0.2,NA,0.1,0
"FITZGERALDTOUSSAINT","Fitzgerald Toussaint","RB","BAL",1,1,NA,NA,NA,NA,NA,NA,NA,5.8,27.7,4.8,0.2,1.3,11.2,8.5,0,NA,0.1,0
"CHARLESSIMS","Charles Sims","RB","TB",1,1,NA,NA,NA,NA,NA,NA,NA,9,37.2,4.1,0.3,2.7,25,9.4,0,NA,0.1,0
"ANTHONYDIXON","Anthony Dixon","RB","BUF",1,1,NA,NA,NA,NA,NA,NA,NA,5.9,27.3,4.6,0.1,1.4,10.9,7.6,0.1,NA,0.1,0
"TIMOTHYFLANDERS","Timothy Flanders","RB","CLE",1,1,NA,NA,NA,NA,NA,NA,NA,0,0,0,0,0,0,0,0,NA,0,0
"KENNYHILLIARD","Kenny Hilliard","RB","HOU",1,1,NA,NA,NA,NA,NA,NA,NA,0,0,0,0,0,0,0,0,NA,0,0
"DAVIDJOHNSON","David Johnson","RB","ARI",1,1,NA,NA,NA,NA,NA,NA,NA,5.5,24.5,4.5,0.2,1.2,10.9,9.4,0.1,NA,0.1,0
"ZURLONTIPTON","Zurlon Tipton","RB","IND",1,1,NA,NA,NA,NA,NA,NA,NA,0,0,0,0,0,0,0,0,NA,0,0
"CHRISTHOMPSON","Chris Thompson","RB","WAS",1,1,NA,NA,NA,NA,NA,NA,NA,0.3,0.9,3.7,0,0.1,0.8,6.2,0,NA,0,0
"JAYPROSCH","Jay Prosch","RB","HOU",1,1,NA,NA,NA,NA,NA,NA,NA,0.8,3.3,4.3,0,0.4,5,12.7,0,NA,0,0
"JONASGRAY","Jonas Gray","RB","NE",1,1,NA,NA,NA,NA,NA,NA,NA,0,0,0,0,0,0,0,0,NA,0,0
"REGGIEBUSH","Reggie Bush","RB","SF",1,1,NA,NA,NA,NA,NA,NA,NA,7.6,39.7,5.2,0.2,2.3,15.7,6.9,0,NA,0.1,0
"BILALPOWELL","Bilal Powell","RB","NYJ",1,1,NA,NA,NA,NA,NA,NA,NA,4.4,20.2,4.6,0.1,1,8.6,8.3,0,NA,0.1,0
"DONALDBROWN","Donald Brown","RB","SD",1,1,NA,NA,NA,NA,NA,NA,NA,0.5,1.7,3.2,0,0.2,1.4,7.9,0,NA,0,0
"TERRENCEMAGEE","Terrence Magee","RB","BAL",1,1,NA,NA,NA,NA,NA,NA,NA,0,0,0,0,0,0,0,0,NA,0,0
"STEPFANTAYLOR","Stepfan Taylor","RB","ARI",1,1,NA,NA,NA,NA,NA,NA,NA,0,0,0,0,0,0,0,0,NA,0,0
"THEORIDDICK","Theo Riddick","RB","DET",1,1,NA,NA,NA,NA,NA,NA,NA,4,17.1,4.3,0.1,2.6,24.1,9.3,0.2,NA,0.1,0
"CHRISPOLK","Chris Polk","RB","HOU",1,1,NA,NA,NA,NA,NA,NA,NA,6.1,26.6,4.4,0.2,1.2,9.5,8.2,0.1,NA,0.1,0
"DENARDROBINSON","Denard Robinson","RB","JAC",1,1,NA,NA,NA,NA,NA,NA,NA,5.9,30.7,5.2,0.3,1.2,6.8,5.4,0,NA,0.2,0
"RAJIONNEAL","Rajion Neal","RB","MIA",1,1,NA,NA,NA,NA,NA,NA,NA,0,0,0,0,0,0,0,0,NA,0,0
"KARLOSWILLIAMS","Karlos Williams","RB","BUF",1,1,NA,NA,NA,NA,NA,NA,NA,3.8,17.6,4.7,0.1,1.2,9.9,7.9,0.1,NA,0.2,0
"BISHOPSANKEY","Bishop Sankey","RB","TEN",1,1,NA,NA,NA,NA,NA,NA,NA,10.1,42,4.2,0.2,1.4,9.8,7.1,0,NA,0.1,0
"BENNYCUNNINGHAM","Benny Cunningham","RB","STL",1,1,NA,NA,NA,NA,NA,NA,NA,10.1,32,3.2,0.4,4.4,31.1,7,0.1,NA,0.2,0
"RAHEEMMOSTERT","Raheem Mostert","RB","PHI",1,1,NA,NA,NA,NA,NA,NA,NA,0,0,0,0,0,0,0,0,NA,0,0
"GEORGEWINN","George Winn","RB","DET",1,1,NA,NA,NA,NA,NA,NA,NA,0,0,0,0,0,0,0,0,NA,0,0
"DEANGELOWILLIAMS","DeAngelo Williams","RB","PIT",1,1,NA,NA,NA,NA,NA,NA,NA,12,55,4.6,0.4,1.4,15.2,10.9,0,NA,0.2,0
"KIEROSMALL","Kiero Small","RB","BAL",1,1,NA,NA,NA,NA,NA,NA,NA,0,0,0,0,0,0,0,0,NA,0,0
"ANDREWILLIAMS","Andre Williams","RB","NYG",1,1,NA,NA,NA,NA,NA,NA,NA,7.6,30.2,4,0.3,0.7,5,6.7,0,NA,0.1,0
"RYANMATHEWS","Ryan Mathews","RB","PHI",1,1,NA,NA,NA,NA,NA,NA,NA,8.3,43.1,5.2,0.6,1.2,10.6,9.1,0,NA,0.1,0
"GIOVANIBERNARD","Giovani Bernard","RB","CIN",1,1,NA,NA,NA,NA,NA,NA,NA,8.1,34,4.2,0.3,3.2,26,8.1,0.2,NA,0.1,0
"DRIARCHER","Dri Archer","RB","PIT",1,1,NA,NA,NA,NA,NA,NA,NA,6.6,29.1,4.4,0.2,2.4,19.8,8.1,0.1,NA,0.1,0
"MACKBROWN","Mack Brown","RB","WAS",1,1,NA,NA,NA,NA,NA,NA,NA,0,0,0,0,0,0,0,0,NA,0,0
"WILLJOHNSON","Will Johnson","RB","PIT",1,1,NA,NA,NA,NA,NA,NA,NA,0.2,0.3,1.9,0,0.7,5.2,7.4,0,NA,0,0
"MARSHAWNLYNCH","Marshawn Lynch","RB","SEA",1,1,NA,NA,NA,NA,NA,NA,NA,15.4,79.8,5.2,0.5,2.4,23.9,9.9,0.2,NA,0.2,0
"DOUGMARTIN","Doug Martin","RB","TB",1,1,NA,NA,NA,NA,NA,NA,NA,13.2,54.3,4.1,0.3,1.3,6.8,5.3,0,NA,0.1,0
"ZACHLINE","Zach Line","RB","MIN",1,1,NA,NA,NA,NA,NA,NA,NA,1.1,5.2,5,0,0.7,5,7.6,0,NA,0,0
"LATAVIUSMURRAY","Latavius Murray","RB","OAK",1,1,NA,NA,NA,NA,NA,NA,NA,15.3,70.8,4.6,0.5,1.8,16.7,9.1,0.1,NA,0.1,0
"AMEERABDULLAH","Ameer Abdullah","RB","DET",1,1,NA,NA,NA,NA,NA,NA,NA,9.9,47.4,4.8,0.3,1.9,16.1,8.4,0,NA,0.1,0
"EDDIELACY","Eddie Lacy","RB","GB",1,1,NA,NA,NA,NA,NA,NA,NA,17.5,92.2,5.3,0.6,3,27.8,9.4,0.2,NA,0.1,0
"JAMESSTARKS","James Starks","RB","GB",1,1,NA,NA,NA,NA,NA,NA,NA,5.1,26.3,5.2,0.2,1.1,8.5,7.5,0.1,NA,0.1,0
"TAIWANJONES","Taiwan Jones","RB","OAK",1,1,NA,NA,NA,NA,NA,NA,NA,0.1,0.3,4.6,0,0,0.4,21.8,0,NA,0,0
"LAMARMILLER","Lamar Miller","RB","MIA",1,1,NA,NA,NA,NA,NA,NA,NA,15,73,4.9,0.4,2.7,21.1,7.7,0.1,NA,0.2,0
"KAPRIBIBBS","Kapri Bibbs","RB","DEN",1,1,NA,NA,NA,NA,NA,NA,NA,0,0,0,0,0,0,0,0,NA,0,0
"DEVONTAFREEMAN","Devonta Freeman","RB","ATL",1,1,NA,NA,NA,NA,NA,NA,NA,7.9,27.3,3.5,0.2,1.8,16.3,8.9,0.1,NA,0.1,0
"CIERREWOOD","Cierre Wood","RB","BUF",1,1,NA,NA,NA,NA,NA,NA,NA,0,0,0,0,0,0,0,0,NA,0,0
"THOMASRAWLS","Thomas Rawls","RB","SEA",1,1,NA,NA,NA,NA,NA,NA,NA,0,0,0,0,0,0,0,0,NA,0,0
"TOBYGERHART","Toby Gerhart","RB","JAC",1,1,NA,NA,NA,NA,NA,NA,NA,2.6,10.1,3.9,0.1,1,9.1,8.9,0,NA,0.1,0
"SPENCERWARE","Spencer Ware","RB","KC",1,1,NA,NA,NA,NA,NA,NA,NA,0,0,0,0,0,0,0,0,NA,0,0
"HENRYHYNOSKI","Henry Hynoski","RB","NYG",1,1,NA,NA,NA,NA,NA,NA,NA,0,0,0,0,0,0,0,0,NA,0,0
"TOMMYBOHANON","Tommy Bohanon","RB","NYJ",1,1,NA,NA,NA,NA,NA,NA,NA,1,4.3,4.2,0,0.9,7.5,8.4,0,NA,0,0
"TYLERVARGA","Tyler Varga","RB","IND",1,1,NA,NA,NA,NA,NA,NA,NA,0,0,0,0,0,0,0,0,NA,0,0
"JEREMYHILL","Jeremy Hill","RB","CIN",1,1,NA,NA,NA,NA,NA,NA,NA,15.8,69.4,4.4,0.5,1.9,15.4,8,0.1,NA,0.1,0
"RODSMITH","Rod Smith","RB","SEA",1,1,NA,NA,NA,NA,NA,NA,NA,0,0,0,0,0,0,0,0,NA,0,0
"JOIQUEBELL","Joique Bell","RB","DET",1,1,NA,NA,NA,NA,NA,NA,NA,11.8,58.3,4.9,0.3,2.7,26.6,10,0,NA,0.1,0
"JAMIZEOLAWALE","Jamize Olawale","RB","OAK",1,1,NA,NA,NA,NA,NA,NA,NA,0,0,1.2,0,0.1,0.3,5.2,0,NA,0,0
"JAMESWHITE","James White","RB","NE",1,1,NA,NA,NA,NA,NA,NA,NA,8.6,31.6,3.7,0.4,1.1,9,8.3,0.1,NA,0.1,0
"DANHERRON","Dan Herron","RB","IND",1,1,NA,NA,NA,NA,NA,NA,NA,0,0,0,0,0,0,0,0,NA,0,0
"KADEEMCAREY","Ka'Deem Carey","RB","CHI",1,1,NA,NA,NA,NA,NA,NA,NA,0.3,1.5,4.8,0,0,0.6,12.3,0,NA,0,0
"MARKINGRAM","Mark Ingram","RB","NO",1,1,NA,NA,NA,NA,NA,NA,NA,12.1,57,4.7,0.4,1.7,9.4,5.6,0,NA,0.1,0
"NIKITAWHITLOCK","Nikita Whitlock","RB","NYG",1,1,NA,NA,NA,NA,NA,NA,NA,1.4,5.9,4.2,0,0.8,6.5,7.9,0,NA,0,0
"BOBBYRAINEY","Bobby Rainey","RB","TB",1,1,NA,NA,NA,NA,NA,NA,NA,0.9,4,4.6,0,0.2,1.4,8.7,0,NA,0,0
"MICHAELDYER","Michael Dyer","RB","OAK",1,1,NA,NA,NA,NA,NA,NA,NA,0,0,0,0,0,0,0,0,NA,0,0
"DOMINIQUEWILLIAMS","Dominique Williams","RB","MIN",1,1,NA,NA,NA,NA,NA,NA,NA,0,0,0,0,0,0,0,0,NA,0,0
"JERICKMCKINNON","Jerick McKinnon","RB","MIN",1,1,NA,NA,NA,NA,NA,NA,NA,3.9,20,5.1,0.2,1.3,6.9,5.5,0,NA,0,0
"LANCEDUNBAR","Lance Dunbar","RB","DAL",1,1,NA,NA,NA,NA,NA,NA,NA,5.6,26.8,4.8,0.2,1.2,15.4,13.2,0.1,NA,0.1,0
"BRONSONHILL","Bronson Hill","RB","BUF",1,1,NA,NA,NA,NA,NA,NA,NA,0,0,0,0,0,0,0,0,NA,0,0
"ROBERTHUGHES","Robert Hughes","RB","ARI",1,1,NA,NA,NA,NA,NA,NA,NA,0,0,0,0,0,0,0,0,NA,0,0
"AUSTINJOHNSON","Austin Johnson","RB","NO",1,1,NA,NA,NA,NA,NA,NA,NA,1.2,3.5,3,0,0.4,3.4,7.9,0.1,NA,0,0
"JOHNCROCKETT","John Crockett","RB","GB",1,1,NA,NA,NA,NA,NA,NA,NA,0,0,0,0,0,0,0,0,NA,0,0
"DIONLEWIS","Dion Lewis","RB","NE",1,1,NA,NA,NA,NA,NA,NA,NA,3.9,14.6,3.7,0.2,0.2,1.8,8.4,0,NA,0.1,0
"ALFREDMORRIS","Alfred Morris","RB","WAS",1,1,NA,NA,NA,NA,NA,NA,NA,13.7,57.7,4.2,0.4,1,7.2,7.3,0,NA,0.1,0
"KYLEJUSZCZYK","Kyle Juszczyk","RB","BAL",1,1,NA,NA,NA,NA,NA,NA,NA,0,0,0,0,1.6,12.6,7.9,0.1,NA,0.2,0
"TREYWILLIAMS","Trey Williams","RB","WAS",1,1,NA,NA,NA,NA,NA,NA,NA,0,0,0,0,0,0,0,0,NA,0,0
"RONNIEHILLMAN","Ronnie Hillman","RB","DEN",1,1,NA,NA,NA,NA,NA,NA,NA,5.5,21.5,3.9,0.2,1.3,9.7,7.5,0.1,NA,0.1,0
"KENDALLGASKINS","Kendall Gaskins","RB","SF",1,1,NA,NA,NA,NA,NA,NA,NA,0,0,0,0,0,0,0,0,NA,0,0
"PATRICKDIMARCO","Patrick DiMarco","RB","ATL",1,1,NA,NA,NA,NA,NA,NA,NA,0,0,0,0,0.9,8.2,8.8,0.1,NA,0,0
"MICHAELBURTON","Michael Burton","RB","DET",1,1,NA,NA,NA,NA,NA,NA,NA,0,0.1,4.8,0,0,0.2,8.4,0,NA,0,0
"TRAVARISCADET","Travaris Cadet","RB","NE",1,1,NA,NA,NA,NA,NA,NA,NA,6.7,22.5,3.4,0.2,1.6,13.7,8.6,0.1,NA,0.1,0
"JOSHROBINSON","Josh Robinson","RB","IND",1,1,NA,NA,NA,NA,NA,NA,NA,4.8,21.3,4.4,0.1,1.8,14.8,8.3,0.1,NA,0.1,0
"TERRONWARD","Terron Ward","RB","ATL",1,1,NA,NA,NA,NA,NA,NA,NA,0.4,1.2,3.1,0,0.1,0.7,9.2,0,NA,0,0
"TYLERCLUTTS","Tyler Clutts","RB","DAL",1,1,NA,NA,NA,NA,NA,NA,NA,0.5,2.6,5,0,0.6,3,4.8,0.2,NA,0,0
"DANNYWOODHEAD","Danny Woodhead","RB","SD",1,1,NA,NA,NA,NA,NA,NA,NA,3.2,11,3.4,0.1,2.4,18.7,7.7,0.1,NA,0.1,0
"SHAUNDRAUGHN","Shaun Draughn","RB","CLE",1,1,NA,NA,NA,NA,NA,NA,NA,0,0,0,0,0,0,0,0,NA,0,0
"DARRINREAVES","Darrin Reaves","RB","KC",1,1,NA,NA,NA,NA,NA,NA,NA,0,0,0,0,0,0,0,0,NA,0,0
"ANDREELLINGTON","Andre Ellington","RB","ARI",1,1,NA,NA,NA,NA,NA,NA,NA,11.9,54.6,4.6,0.2,3.1,30,9.6,0.2,NA,0.1,0
"KENJONBARNER","Kenjon Barner","RB","PHI",1,1,NA,NA,NA,NA,NA,NA,NA,0.3,0.8,3.3,0,0.1,0.5,7.9,0,NA,0,0
"JORVORSKIELANE","Jorvorskie Lane","RB","TB",1,1,NA,NA,NA,NA,NA,NA,NA,0.1,0.8,14.3,0,0,0.1,5.7,0,NA,0,0
"MARCELREECE","Marcel Reece","RB","OAK",1,1,NA,NA,NA,NA,NA,NA,NA,1.9,8.9,4.8,0,2.3,18.2,8,0.1,NA,0,0
"DARRENMCFADDEN","Darren McFadden","RB","DAL",1,1,NA,NA,NA,NA,NA,NA,NA,8.8,42.3,4.8,0.4,1,8.2,8.3,0,NA,0.1,0
"CAMERONARTISPAYNE","Cameron Artis-Payne","RB","CAR",1,1,NA,NA,NA,NA,NA,NA,NA,0.4,1.7,3.8,0,0.1,0.5,8.1,0,NA,0,0
"KNILEDAVIS","Knile Davis","RB","KC",1,1,NA,NA,NA,NA,NA,NA,NA,7.9,37.3,4.7,0.3,1.1,9,8,0.1,NA,0.1,0
"BRANDONBOLDEN","Brandon Bolden","RB","NE",1,1,NA,NA,NA,NA,NA,NA,NA,11.1,37.4,3.4,0.4,3,21.7,7.2,0.2,NA,0.1,0
"JUWANTHOMPSON","Juwan Thompson","RB","DEN",1,1,NA,NA,NA,NA,NA,NA,NA,0.5,2,4.4,0,0,0.2,6.2,0,NA,0,0
"AARONRIPKOWSKI","Aaron Ripkowski","RB","GB",1,1,NA,NA,NA,NA,NA,NA,NA,0,0.2,5.2,0,0,0.2,8.8,0,NA,0,0
"JORDANCAMPBELL","Jordan Campbell","RB","WAS",1,1,NA,NA,NA,NA,NA,NA,NA,0,0,0,0,0,0,0,0,NA,0,0
"COREYGRANT","Corey Grant","RB","JAC",1,1,NA,NA,NA,NA,NA,NA,NA,0,0,0,0,0,0,0,0,NA,0,0
"TJYELDON","T.J. Yeldon","RB","JAC",1,1,NA,NA,NA,NA,NA,NA,NA,11.3,55.8,4.9,0.5,2.2,16.9,7.6,0.1,NA,0.1,0
"MARCUSTHIGPEN","Marcus Thigpen","RB","BUF",1,1,NA,NA,NA,NA,NA,NA,NA,0,0,0,0,0,0,0,0,NA,0,0
"DAVIDFLUELLEN","David Fluellen","RB","TEN",1,1,NA,NA,NA,NA,NA,NA,NA,0,0,0,0,0,0,0,0,NA,0,0
"DUKEJOHNSON","Duke Johnson","RB","CLE",1,1,NA,NA,NA,NA,NA,NA,NA,9.2,35.8,3.9,0.3,1.2,11.7,9.5,0,NA,0.1,0
"JEROMEFELTON","Jerome Felton","RB","BUF",1,1,NA,NA,NA,NA,NA,NA,NA,0.8,5.1,6.5,0,0.4,2.2,6,0,NA,0,0
"PHILLIPDORSETT","Phillip Dorsett","WR","IND",1,1,NA,NA,NA,NA,NA,NA,NA,NA,NA,NA,NA,1.6,20.1,13,0.1,NA,0,0
"DEANDREWWHITE","DeAndrew White","WR","SF",1,1,NA,NA,NA,NA,NA,NA,NA,NA,NA,NA,NA,0,0,0,0,NA,0,0
"EMORYBLAKE","Emory Blake","WR","STL",1,1,NA,NA,NA,NA,NA,NA,NA,NA,NA,NA,NA,0,0,0,0,NA,0,0
"KRISDURHAM","Kris Durham","WR","OAK",1,1,NA,NA,NA,NA,NA,NA,NA,NA,NA,NA,NA,0,0,0,0,NA,0,0
"STEFONDIGGS","Stefon Diggs","WR","MIN",1,1,NA,NA,NA,NA,NA,NA,NA,NA,NA,NA,NA,0.1,1.1,13.3,0,NA,0,0
"DOUGLASMCNEIL","Douglas McNeil","WR","SEA",1,1,NA,NA,NA,NA,NA,NA,NA,NA,NA,NA,NA,0,0,0,0,NA,0,0
"MARQUESSWILSON","Marquess Wilson","WR","CHI",1,1,NA,NA,NA,NA,NA,NA,NA,NA,NA,NA,NA,2.5,24.1,9.7,0.1,NA,0,0
"MARKUSWHEATON","Markus Wheaton","WR","PIT",1,1,NA,NA,NA,NA,NA,NA,NA,NA,NA,NA,NA,3.8,49.6,13,0.2,NA,0,0
"LARRYFITZGERALD","Larry Fitzgerald","WR","ARI",1,1,NA,NA,NA,NA,NA,NA,NA,NA,NA,NA,NA,4.6,61.7,13.5,0.2,NA,0.1,0
"ANDREJOHNSON","Andre Johnson","WR","IND",1,1,NA,NA,NA,NA,NA,NA,NA,NA,NA,NA,NA,5.4,63.3,11.7,0.3,NA,0.1,0
"CHRISOWUSU","Chris Owusu","WR","NYJ",1,1,NA,NA,NA,NA,NA,NA,NA,NA,NA,NA,NA,0,0,0,0,NA,0,0
"NEALSTERLING","Neal Sterling","WR","JAC",1,1,NA,NA,NA,NA,NA,NA,NA,NA,NA,NA,NA,0,0,0,0,NA,0,0
"JEREMYMACLIN","Jeremy Maclin","WR","KC",1,1,NA,NA,NA,NA,NA,NA,NA,NA,NA,NA,NA,4.6,56.9,12.5,0.5,NA,0,0
"RICARDOLOCKETTE","Ricardo Lockette","WR","SEA",1,1,NA,NA,NA,NA,NA,NA,NA,NA,NA,NA,NA,1.2,17.2,14.3,0.1,NA,0,0
"DWAYNEBOWE","Dwayne Bowe","WR","CLE",1,1,NA,NA,NA,NA,NA,NA,NA,NA,NA,NA,NA,3.5,61.8,17.6,0.2,NA,0,0
"TERRELLEPRYOR","Terrelle Pryor","WR","CLE",1,1,NA,NA,NA,NA,NA,NA,NA,NA,NA,NA,NA,0.1,1.4,13.3,0,NA,0,0
"MICHAELCRABTREE","Michael Crabtree","WR","OAK",1,1,NA,NA,NA,NA,NA,NA,NA,NA,NA,NA,NA,4,37,9.2,0.2,NA,0,0
"NATEWASHINGTON","Nate Washington","WR","HOU",1,1,NA,NA,NA,NA,NA,NA,NA,NA,NA,NA,NA,2.2,31.9,14.6,0.1,NA,0,0
"CORDARRELLEPATTERSON","Cordarrelle Patterson","WR","MIN",1,1,NA,NA,NA,NA,NA,NA,NA,NA,NA,NA,NA,1.5,17.3,11.6,0.1,NA,0.1,0
"CECILSHORTS","Cecil Shorts","WR","HOU",1,1,NA,NA,NA,NA,NA,NA,NA,NA,NA,NA,NA,2.6,32.7,12.6,0.1,NA,0.1,0
"MARQUISEGOODWIN","Marquise Goodwin","WR","BUF",1,1,NA,NA,NA,NA,NA,NA,NA,NA,NA,NA,NA,0.1,1.3,23.1,0,NA,0,0
"KENDALLWRIGHT","Kendall Wright","WR","TEN",1,1,NA,NA,NA,NA,NA,NA,NA,NA,NA,NA,NA,4.9,58.3,11.9,0.3,NA,0.1,0
"DESEANJACKSON","DeSean Jackson","WR","WAS",1,1,NA,NA,NA,NA,NA,NA,NA,NA,NA,NA,NA,3.7,52.3,14.3,0.3,NA,0,0
"JERRICHOCOTCHERY","Jerricho Cotchery","WR","CAR",1,1,NA,NA,NA,NA,NA,NA,NA,NA,NA,NA,NA,3,36.1,11.8,0.2,NA,0,0
"STEVESMITH","Steve Smith","WR","BAL",1,1,NA,NA,NA,NA,NA,NA,NA,NA,NA,NA,NA,4.7,56.3,12.1,0.3,NA,0.1,0
"ISAIAHBURSE","Isaiah Burse","WR","DEN",1,1,NA,NA,NA,NA,NA,NA,NA,NA,NA,NA,NA,0,0,0,0,NA,0,0
"DEZMINLEWIS","Dezmin Lewis","WR","BUF",1,1,NA,NA,NA,NA,NA,NA,NA,NA,NA,NA,NA,0,0,0,0,NA,0,0
"TONYLIPPETT","Tony Lippett","WR","MIA",1,1,NA,NA,NA,NA,NA,NA,NA,NA,NA,NA,NA,0,0,0,0,NA,0,0
"BRENTONBERSIN","Brenton Bersin","WR","CAR",1,1,NA,NA,NA,NA,NA,NA,NA,NA,NA,NA,NA,0,0,0,0,NA,0,0
"MARIOALFORD","Mario Alford","WR","CIN",1,1,NA,NA,NA,NA,NA,NA,NA,NA,NA,NA,NA,0,0,0,0,NA,0,0
"CHRISGIVENS","Chris Givens","WR","STL",1,1,NA,NA,NA,NA,NA,NA,NA,NA,NA,NA,NA,0.2,2.5,14.1,0,NA,0,0
"MARCUSEASLEY","Marcus Easley","WR","BUF",1,1,NA,NA,NA,NA,NA,NA,NA,NA,NA,NA,NA,0,0,7,0,NA,0,0
"PIERREGARCON","Pierre Garcon","WR","WAS",1,1,NA,NA,NA,NA,NA,NA,NA,NA,NA,NA,NA,4.3,48.1,11.2,0.2,NA,0,0
"VINCENTBROWN","Vincent Brown","WR","IND",1,1,NA,NA,NA,NA,NA,NA,NA,NA,NA,NA,NA,0,0,0,0,NA,0,0
"RUEBENRANDLE","Rueben Randle","WR","NYG",1,1,NA,NA,NA,NA,NA,NA,NA,NA,NA,NA,NA,4.2,54.6,12.8,0.1,NA,0,0
"QURONPRATT","Quron Pratt","WR","PHI",1,1,NA,NA,NA,NA,NA,NA,NA,NA,NA,NA,NA,0,0,0,0,NA,0,0
"HAKEEMNICKS","Hakeem Nicks","WR","TEN",1,1,NA,NA,NA,NA,NA,NA,NA,NA,NA,NA,NA,0,0,0,0,NA,0,0
"JULIOJONES","Julio Jones","WR","ATL",1,1,NA,NA,NA,NA,NA,NA,NA,NA,NA,NA,NA,6.5,103,15.8,0.4,NA,0.1,0
"KAELINCLAY","Kaelin Clay","WR","TB",1,1,NA,NA,NA,NA,NA,NA,NA,NA,NA,NA,NA,0,0,0,0,NA,0,0
"EDWILLIAMS","Ed Williams","WR","GB",1,1,NA,NA,NA,NA,NA,NA,NA,NA,NA,NA,NA,0,0,0,0,NA,0,0
"KEVINSMITH","Kevin Smith","WR","SEA",1,1,NA,NA,NA,NA,NA,NA,NA,NA,NA,NA,NA,0,0,0,0,NA,0,0
"JALENSAUNDERS","Jalen Saunders","WR","CHI",1,1,NA,NA,NA,NA,NA,NA,NA,NA,NA,NA,NA,0,0,0,0,NA,0,0
"FREDWILLIAMS","Fred Williams","WR","KC",1,1,NA,NA,NA,NA,NA,NA,NA,NA,NA,NA,NA,0,0,0,0,NA,0,0
"ZACHDORAZIO","Zach D'Orazio","WR","NE",1,1,NA,NA,NA,NA,NA,NA,NA,NA,NA,NA,NA,0,0,0,0,NA,0,0
"JORDANNORWOOD","Jordan Norwood","WR","DEN",1,1,NA,NA,NA,NA,NA,NA,NA,NA,NA,NA,NA,0,0,0,0,NA,0,0
"STEDMANBAILEY","Stedman Bailey","WR","STL",1,1,NA,NA,NA,NA,NA,NA,NA,NA,NA,NA,NA,2.5,30.8,12.1,0.1,NA,0,0
"DOUGBALDWIN","Doug Baldwin","WR","SEA",1,1,NA,NA,NA,NA,NA,NA,NA,NA,NA,NA,NA,4.5,60.7,13.6,0.3,NA,0.1,0
"TAYLORGABRIEL","Taylor Gabriel","WR","CLE",1,1,NA,NA,NA,NA,NA,NA,NA,NA,NA,NA,NA,2.7,42.8,16,0.1,NA,0,0
"DEVONWYLIE","Devon Wylie","WR","OAK",1,1,NA,NA,NA,NA,NA,NA,NA,NA,NA,NA,NA,0,0,0,0,NA,0,0
"MARLONMOORE","Marlon Moore","WR","CLE",1,1,NA,NA,NA,NA,NA,NA,NA,NA,NA,NA,NA,0,0,0,0,NA,0,0
"TAVARRESKING","Tavarres King","WR","TB",1,1,NA,NA,NA,NA,NA,NA,NA,NA,NA,NA,NA,0,0,0,0,NA,0,0
"COLINLOCKETT","Colin Lockett","WR","WAS",1,1,NA,NA,NA,NA,NA,NA,NA,NA,NA,NA,NA,0,0,0,0,NA,0,0
"BRIANHARTLINE","Brian Hartline","WR","CLE",1,1,NA,NA,NA,NA,NA,NA,NA,NA,NA,NA,NA,2.5,41.4,16.2,0.1,NA,0,0
"ADAMTHIELEN","Adam Thielen","WR","MIN",1,1,NA,NA,NA,NA,NA,NA,NA,NA,NA,NA,NA,0.1,1.4,19,0,NA,0,0
"JOSHLENZ","Josh Lenz","WR","CLE",1,1,NA,NA,NA,NA,NA,NA,NA,NA,NA,NA,NA,0,0,0,0,NA,0,0
"ALLENROBINSON","Allen Robinson","WR","JAC",1,1,NA,NA,NA,NA,NA,NA,NA,NA,NA,NA,NA,4.9,55.8,11.4,0.3,NA,0,0
"MIKEEVANS","Mike Evans","WR","TB",1,1,NA,NA,NA,NA,NA,NA,NA,NA,NA,NA,NA,4.9,69.6,14.3,0.7,NA,0,0
"KEVINNORWOOD","Kevin Norwood","WR","CAR",1,1,NA,NA,NA,NA,NA,NA,NA,NA,NA,NA,NA,0,0,0,0,NA,0,0
"CORBINLOUKS","Corbin Louks","WR","DEN",1,1,NA,NA,NA,NA,NA,NA,NA,NA,NA,NA,NA,0,0,0,0,NA,0,0
"MYLESWHITE","Myles White","WR","GB",1,1,NA,NA,NA,NA,NA,NA,NA,NA,NA,NA,NA,0,0,0,0,NA,0,0
"RODSTREATER","Rod Streater","WR","OAK",1,1,NA,NA,NA,NA,NA,NA,NA,NA,NA,NA,NA,2.7,36.2,13.6,0.3,NA,0,0
"RILEYCOOPER","Riley Cooper","WR","PHI",1,1,NA,NA,NA,NA,NA,NA,NA,NA,NA,NA,NA,2.1,29.6,14.1,0.2,NA,0.1,0
"SAMMYWATKINS","Sammy Watkins","WR","BUF",1,1,NA,NA,NA,NA,NA,NA,NA,NA,NA,NA,NA,2.9,53.6,18.3,0.5,NA,0.1,0
"JEREMYKERLEY","Jeremy Kerley","WR","NYJ",1,1,NA,NA,NA,NA,NA,NA,NA,NA,NA,NA,NA,1.1,13.1,11.4,0.1,NA,0,0
"ALLENHURNS","Allen Hurns","WR","JAC",1,1,NA,NA,NA,NA,NA,NA,NA,NA,NA,NA,NA,3,39.1,12.8,0.4,NA,0,0
"ANDREWHAWKINS","Andrew Hawkins","WR","CLE",1,1,NA,NA,NA,NA,NA,NA,NA,NA,NA,NA,NA,4.1,56.4,13.8,0.2,NA,0,0
"KAMARAIKEN","Kamar Aiken","WR","BAL",1,1,NA,NA,NA,NA,NA,NA,NA,NA,NA,NA,NA,2.6,32.5,12.4,0.4,NA,0,0
"MATTHEWSLATER","Matthew Slater","WR","NE",1,1,NA,NA,NA,NA,NA,NA,NA,NA,NA,NA,NA,0,0,0,0,NA,0,0
"JARVISLANDRY","Jarvis Landry","WR","MIA",1,1,NA,NA,NA,NA,NA,NA,NA,NA,NA,NA,NA,6.6,72.6,11,0.3,NA,0.2,0
"GREGJENNINGS","Greg Jennings","WR","MIA",1,1,NA,NA,NA,NA,NA,NA,NA,NA,NA,NA,NA,3.3,47.9,14.6,0.4,NA,0,0
"JAREDABBREDERIS","Jared Abbrederis","WR","GB",1,1,NA,NA,NA,NA,NA,NA,NA,NA,NA,NA,NA,0,0,0,0,NA,0,0
"VINCENTJACKSON","Vincent Jackson","WR","TB",1,1,NA,NA,NA,NA,NA,NA,NA,NA,NA,NA,NA,4.4,63.3,14.3,0.3,NA,0,0
"JOSHMORGAN","Josh Morgan","WR","NO",1,1,NA,NA,NA,NA,NA,NA,NA,NA,NA,NA,NA,0,0,0,0,NA,0,0
"JAVONTEEHERNDON","Javontee Herndon","WR","SD",1,1,NA,NA,NA,NA,NA,NA,NA,NA,NA,NA,NA,0,0,0,0,NA,0,0
"KENNYSTILLS","Kenny Stills","WR","MIA",1,1,NA,NA,NA,NA,NA,NA,NA,NA,NA,NA,NA,3,45.6,15.1,0.1,NA,0,0
"MICHAELFLOYD","Michael Floyd","WR","ARI",1,1,NA,NA,NA,NA,NA,NA,NA,NA,NA,NA,NA,3.3,57.7,17.5,0.6,NA,0.1,0
"RYANWHALEN","Ryan Whalen","WR","MIN",1,1,NA,NA,NA,NA,NA,NA,NA,NA,NA,NA,NA,0,0,0,0,NA,0,0
"GEREMYDAVIS","Geremy Davis","WR","NYG",1,1,NA,NA,NA,NA,NA,NA,NA,NA,NA,NA,NA,0,0,0,0,NA,0,0
"JARONBROWN","Jaron Brown","WR","ARI",1,1,NA,NA,NA,NA,NA,NA,NA,NA,NA,NA,NA,1.3,21,16.4,0.1,NA,0,0
"JOSEPHMORGAN","Joseph Morgan","WR","NO",1,1,NA,NA,NA,NA,NA,NA,NA,NA,NA,NA,NA,0,0,0,0,NA,0,0
"RODDYWHITE","Roddy White","WR","ATL",1,1,NA,NA,NA,NA,NA,NA,NA,NA,NA,NA,NA,4.5,63.6,14,0.5,NA,0.1,0
"TREMCBRIDE","Tre McBride","WR","TEN",1,1,NA,NA,NA,NA,NA,NA,NA,NA,NA,NA,NA,0,0,0,0,NA,0,0
"SAMMIECOATES","Sammie Coates","WR","PIT",1,1,NA,NA,NA,NA,NA,NA,NA,NA,NA,NA,NA,0.1,1.7,14.8,0,NA,0,0
"AUSTINPETTIS","Austin Pettis","WR","SD",1,1,NA,NA,NA,NA,NA,NA,NA,NA,NA,NA,NA,0,0,0,0,NA,0,0
"DEVANTEPARKER","DeVante Parker","WR","MIA",1,1,NA,NA,NA,NA,NA,NA,NA,NA,NA,NA,NA,3.4,44.7,13.1,0.2,NA,0,0
"RASHADLAWRENCE","Rashad Lawrence","WR","CHI",1,1,NA,NA,NA,NA,NA,NA,NA,NA,NA,NA,NA,0,0,0,0,NA,0,0
"SEYIAJIROTUTU","Seyi Ajirotutu","WR","PHI",1,1,NA,NA,NA,NA,NA,NA,NA,NA,NA,NA,NA,0,0,0,0,NA,0,0
"JJNELSON","J.J. Nelson","WR","ARI",1,1,NA,NA,NA,NA,NA,NA,NA,NA,NA,NA,NA,0,0,0,0,NA,0,0
"ERICDECKER","Eric Decker","WR","NYJ",1,1,NA,NA,NA,NA,NA,NA,NA,NA,NA,NA,NA,3.5,47.4,13.5,0.3,NA,0,0
"CARLTONMITCHELL","Carlton Mitchell","WR","ATL",1,1,NA,NA,NA,NA,NA,NA,NA,NA,NA,NA,NA,0,0,0,0,NA,0,0
"CODYLATIMER","Cody Latimer","WR","DEN",1,1,NA,NA,NA,NA,NA,NA,NA,NA,NA,NA,NA,2.7,37.4,13.7,0.3,NA,0,0
"JASONAVANT","Jason Avant","WR","KC",1,1,NA,NA,NA,NA,NA,NA,NA,NA,NA,NA,NA,2.2,19.4,8.9,0.1,NA,0,0
"NICKHARWELL","Nick Harwell","WR","DAL",1,1,NA,NA,NA,NA,NA,NA,NA,NA,NA,NA,NA,0,0,0,0,NA,0,0
"JEREMYBUTLER","Jeremy Butler","WR","BAL",1,1,NA,NA,NA,NA,NA,NA,NA,NA,NA,NA,NA,0,0,0,0,NA,0,0
"AJJENKINS","A.J. Jenkins","WR","DAL",1,1,NA,NA,NA,NA,NA,NA,NA,NA,NA,NA,NA,0,0,0,0,NA,0,0
"MICHAELCAMPANARO","Michael Campanaro","WR","BAL",1,1,NA,NA,NA,NA,NA,NA,NA,NA,NA,NA,NA,1.3,15.6,11.6,0.1,NA,0,0
"CHRISHARPER","Chris Harper","WR","NE",1,1,NA,NA,NA,NA,NA,NA,NA,NA,NA,NA,NA,0,0,0,0,NA,0,0
"BRYANWALTERS","Bryan Walters","WR","JAC",1,1,NA,NA,NA,NA,NA,NA,NA,NA,NA,NA,NA,0,0,0,0,NA,0,0
"CHANDLERWORTHY","Chandler Worthy","WR","HOU",1,1,NA,NA,NA,NA,NA,NA,NA,NA,NA,NA,NA,0,0,0,0,NA,0,0
"RICORICHARDSON","Rico Richardson","WR","TEN",1,1,NA,NA,NA,NA,NA,NA,NA,NA,NA,NA,NA,0,0,0,0,NA,0,0
"ANDREROBERTS","Andre Roberts","WR","WAS",1,1,NA,NA,NA,NA,NA,NA,NA,NA,NA,NA,NA,2.1,24.4,11.8,0.1,NA,0.1,0
"COBIHAMILTON","Cobi Hamilton","WR","MIA",1,1,NA,NA,NA,NA,NA,NA,NA,NA,NA,NA,NA,0,0,0,0,NA,0,0
"JACOBYFORD","Jacoby Ford","WR","TEN",1,1,NA,NA,NA,NA,NA,NA,NA,NA,NA,NA,NA,0,0,0,0,NA,0,0
"SHAQEVANS","Shaq Evans","WR","NYJ",1,1,NA,NA,NA,NA,NA,NA,NA,NA,NA,NA,NA,0,0,0,0,NA,0,0
"CHARLESJOHNSON","Charles Johnson","WR","MIN",1,1,NA,NA,NA,NA,NA,NA,NA,NA,NA,NA,NA,2.6,36,13.8,0.2,NA,0,0
"JOSHBELLAMY","Josh Bellamy","WR","CHI",1,1,NA,NA,NA,NA,NA,NA,NA,NA,NA,NA,NA,0.1,1.1,13.6,0,NA,0,0
"UZOMANWACHUKWU","Uzoma Nwachukwu","WR","MIA",1,1,NA,NA,NA,NA,NA,NA,NA,NA,NA,NA,NA,0,0,0,0,NA,0,0
"KEITHMUMPHERY","Keith Mumphery","WR","HOU",1,1,NA,NA,NA,NA,NA,NA,NA,NA,NA,NA,NA,0,0,0,0,NA,0,0
"JACOBYJONES","Jacoby Jones","WR","SD",1,1,NA,NA,NA,NA,NA,NA,NA,NA,NA,NA,NA,1.6,21.5,13.7,0.1,NA,0.1,0
"DAVANTEADAMS","Davante Adams","WR","GB",1,1,NA,NA,NA,NA,NA,NA,NA,NA,NA,NA,NA,4.1,49.8,12.1,0.3,NA,0,0
"JOSHSTEWART","Josh Stewart","WR","TEN",1,1,NA,NA,NA,NA,NA,NA,NA,NA,NA,NA,NA,0,0,0,0,NA,0,0
"RANDALLCOBB","Randall Cobb","WR","GB",1,1,NA,NA,NA,NA,NA,NA,NA,NA,NA,NA,NA,6.5,87.5,13.5,0.7,NA,0.1,0
"DEVINSTREET","Devin Street","WR","DAL",1,1,NA,NA,NA,NA,NA,NA,NA,NA,NA,NA,NA,0.1,1.5,14.8,0,NA,0,0
"EVANSPENCER","Evan Spencer","WR","WAS",1,1,NA,NA,NA,NA,NA,NA,NA,NA,NA,NA,NA,0,0,0,0,NA,0,0
"VINCEMAYLE","Vince Mayle","WR","CLE",1,1,NA,NA,NA,NA,NA,NA,NA,NA,NA,NA,NA,0,0,0,0,NA,0,0
"JEREMYROSS","Jeremy Ross","WR","BAL",1,1,NA,NA,NA,NA,NA,NA,NA,NA,NA,NA,NA,0,0,0,0,NA,0,0
"CHRISHOGAN","Chris Hogan","WR","BUF",1,1,NA,NA,NA,NA,NA,NA,NA,NA,NA,NA,NA,1.8,20.8,11.8,0.2,NA,0.2,0
"IFYUMODU","Ify Umodu","WR","CHI",1,1,NA,NA,NA,NA,NA,NA,NA,NA,NA,NA,NA,0,0,0,0,NA,0,0
"STEVEJOHNSON","Steve Johnson","WR","SD",1,1,NA,NA,NA,NA,NA,NA,NA,NA,NA,NA,NA,2.7,33.8,12.7,0.3,NA,0,0
"FRANKIEHAMMOND","Frankie Hammond","WR","KC",1,1,NA,NA,NA,NA,NA,NA,NA,NA,NA,NA,NA,0.1,0.9,10.6,0,NA,0,0
"ALSHONJEFFERY","Alshon Jeffery","WR","CHI",1,1,NA,NA,NA,NA,NA,NA,NA,NA,NA,NA,NA,5,66.2,13.4,0.5,NA,0,0
"JEFFJANIS","Jeff Janis","WR","GB",1,1,NA,NA,NA,NA,NA,NA,NA,NA,NA,NA,NA,1,13.5,13.8,0.1,NA,0,0
"CALVINJOHNSON","Calvin Johnson","WR","DET",1,1,NA,NA,NA,NA,NA,NA,NA,NA,NA,NA,NA,5.8,83.1,14.3,0.5,NA,0,0
"MILESAUSTIN","Miles Austin","WR","PHI",1,1,NA,NA,NA,NA,NA,NA,NA,NA,NA,NA,NA,0.4,4.8,13.1,0,NA,0,0
"BRITTANGOLDEN","Brittan Golden","WR","ARI",1,1,NA,NA,NA,NA,NA,NA,NA,NA,NA,NA,NA,0,0,0,0,NA,0,0
"AMARICOOPER","Amari Cooper","WR","OAK",1,1,NA,NA,NA,NA,NA,NA,NA,NA,NA,NA,NA,4.9,63.5,13,0.4,NA,0,0
"SEANTAVIUSJONES","Seantavius Jones","WR","NO",1,1,NA,NA,NA,NA,NA,NA,NA,NA,NA,NA,NA,0,0,0,0,NA,0,0
"COREYBROWN","Corey Brown","WR","CAR",1,1,NA,NA,NA,NA,NA,NA,NA,NA,NA,NA,NA,2.6,36.2,14.1,0.2,NA,0.1,0
"JORDANTAYLOR","Jordan Taylor","WR","DEN",1,1,NA,NA,NA,NA,NA,NA,NA,NA,NA,NA,NA,0,0,0,0,NA,0,0
"ALBERTWILSON","Albert Wilson","WR","KC",1,1,NA,NA,NA,NA,NA,NA,NA,NA,NA,NA,NA,1.7,25.4,14.9,0.1,NA,0,0
"JUSTINHUNTER","Justin Hunter","WR","TEN",1,1,NA,NA,NA,NA,NA,NA,NA,NA,NA,NA,NA,1.9,32.5,17.3,0.2,NA,0,0
"MIKEBROWN","Mike Brown","WR","CAR",1,1,NA,NA,NA,NA,NA,NA,NA,NA,NA,NA,NA,0,0,0,0,NA,0,0
"GREGLITTLE","Greg Little","WR","CIN",1,1,NA,NA,NA,NA,NA,NA,NA,NA,NA,NA,NA,0.2,1.9,10.8,0,NA,0,0
"DAMARISJOHNSON","Damaris Johnson","WR","HOU",1,1,NA,NA,NA,NA,NA,NA,NA,NA,NA,NA,NA,0,0,0,0,NA,0,0
"KASENWILLIAMS","Kasen Williams","WR","SEA",1,1,NA,NA,NA,NA,NA,NA,NA,NA,NA,NA,NA,0,0,0,0,NA,0,0
"KESHAWNMARTIN","Keshawn Martin","WR","HOU",1,1,NA,NA,NA,NA,NA,NA,NA,NA,NA,NA,NA,0,0,0,0,NA,0,0
"JAXONSHIPLEY","Jaxon Shipley","WR","ARI",1,1,NA,NA,NA,NA,NA,NA,NA,NA,NA,NA,NA,0,0,0,0,NA,0,0
"DONTEFOSTER","Donte Foster","WR","MIN",1,1,NA,NA,NA,NA,NA,NA,NA,NA,NA,NA,NA,0,0,0,0,NA,0,0
"TYMONTGOMERY","Ty Montgomery","WR","GB",1,1,NA,NA,NA,NA,NA,NA,NA,NA,NA,NA,NA,1.8,26.7,14.5,0.2,NA,0,0
"MARQISELEE","Marqise Lee","WR","JAC",1,1,NA,NA,NA,NA,NA,NA,NA,NA,NA,NA,NA,3.1,34.8,11.3,0.1,NA,0,0
"JERMAINEKEARSE","Jermaine Kearse","WR","SEA",1,1,NA,NA,NA,NA,NA,NA,NA,NA,NA,NA,NA,2.1,34.9,16.5,0.2,NA,0,0
"JARIUSWRIGHT","Jarius Wright","WR","MIN",1,1,NA,NA,NA,NA,NA,NA,NA,NA,NA,NA,NA,2.3,34.7,14.8,0.2,NA,0,0
"ROBERTWOODS","Robert Woods","WR","BUF",1,1,NA,NA,NA,NA,NA,NA,NA,NA,NA,NA,NA,2.5,32.4,13,0.3,NA,0.1,0
"DEONTETHOMPSON","Deonte Thompson","WR","BUF",1,1,NA,NA,NA,NA,NA,NA,NA,NA,NA,NA,NA,0,0,0,0,NA,0,0
"ERIKLORA","Erik Lora","WR","JAC",1,1,NA,NA,NA,NA,NA,NA,NA,NA,NA,NA,NA,0,0,0,0,NA,0,0
"LEONARDHANKERSON","Leonard Hankerson","WR","ATL",1,1,NA,NA,NA,NA,NA,NA,NA,NA,NA,NA,NA,3,40.3,13.7,0.4,NA,0,0
"TOBAISPALMER","Tobais Palmer","WR","BUF",1,1,NA,NA,NA,NA,NA,NA,NA,NA,NA,NA,NA,0,0,0,0,NA,0,0
"GRIFFWHALEN","Griff Whalen","WR","IND",1,1,NA,NA,NA,NA,NA,NA,NA,NA,NA,NA,NA,0.1,1.2,10.4,0,NA,0,0
"TYLERLOCKETT","Tyler Lockett","WR","SEA",1,1,NA,NA,NA,NA,NA,NA,NA,NA,NA,NA,NA,1.7,24.9,14.6,0.1,NA,0,0
"JUSTINHARDY","Justin Hardy","WR","ATL",1,1,NA,NA,NA,NA,NA,NA,NA,NA,NA,NA,NA,0,0,0,0,NA,0,0
"MIKEWALLACE","Mike Wallace","WR","MIN",1,1,NA,NA,NA,NA,NA,NA,NA,NA,NA,NA,NA,3.1,45.4,14.8,0.4,NA,0,0
"COLEBEASLEY","Cole Beasley","WR","DAL",1,1,NA,NA,NA,NA,NA,NA,NA,NA,NA,NA,NA,2.8,35.7,12.8,0.2,NA,0.1,0
"MALCOMFLOYD","Malcom Floyd","WR","SD",1,1,NA,NA,NA,NA,NA,NA,NA,NA,NA,NA,NA,2.9,59.8,20.8,0.3,NA,0,0
"DAVARISDANIELS","DaVaris Daniels","WR","NE",1,1,NA,NA,NA,NA,NA,NA,NA,NA,NA,NA,NA,0,0,0,0,NA,0,0
"ANQUANBOLDIN","Anquan Boldin","WR","SF",1,1,NA,NA,NA,NA,NA,NA,NA,NA,NA,NA,NA,4.8,60,12.5,0.3,NA,0,0
"DEZBRYANT","Dez Bryant","WR","DAL",1,1,NA,NA,NA,NA,NA,NA,NA,NA,NA,NA,NA,5.1,83.8,16.4,0.9,NA,0,0
"CAMERONMEREDITH","Cameron Meredith","WR","CHI",1,1,NA,NA,NA,NA,NA,NA,NA,NA,NA,NA,NA,0,0,0,0,NA,0,0
"MOHAMEDSANU","Mohamed Sanu","WR","CIN",1,1,NA,NA,NA,NA,NA,NA,NA,NA,NA,NA,NA,2.7,33.5,12.5,0.2,NA,0,0
"DANNYAMENDOLA","Danny Amendola","WR","NE",1,1,NA,NA,NA,NA,NA,NA,NA,NA,NA,NA,NA,3.8,45.2,11.8,0.4,NA,0,0
"HARRYDOUGLAS","Harry Douglas","WR","TEN",1,1,NA,NA,NA,NA,NA,NA,NA,NA,NA,NA,NA,2.6,32.9,12.6,0.1,NA,0,0
"ODELLBECKHAM","Odell Beckham","WR","NYG",1,1,NA,NA,NA,NA,NA,NA,NA,NA,NA,NA,NA,7,85.7,12.2,0.6,NA,0.1,0
"LOUISMURPHY","Louis Murphy","WR","TB",1,1,NA,NA,NA,NA,NA,NA,NA,NA,NA,NA,NA,2.5,29.6,11.6,0.2,NA,0,0
"KENNYBRITT","Kenny Britt","WR","STL",1,1,NA,NA,NA,NA,NA,NA,NA,NA,NA,NA,NA,2.9,37.9,13.1,0.2,NA,0,0
"EDDIEROYAL","Eddie Royal","WR","CHI",1,1,NA,NA,NA,NA,NA,NA,NA,NA,NA,NA,NA,3.6,47.7,13.1,0.4,NA,0.2,0
"ANTONIOBROWN","Antonio Brown","WR","PIT",1,1,NA,NA,NA,NA,NA,NA,NA,NA,NA,NA,NA,7.5,101,13.5,0.5,NA,0.1,0
"DEMARYIUSTHOMAS","Demaryius Thomas","WR","DEN",1,1,NA,NA,NA,NA,NA,NA,NA,NA,NA,NA,NA,6,89.9,15,0.7,NA,0,0
"MATTHAZEL","Matt Hazel","WR","MIA",1,1,NA,NA,NA,NA,NA,NA,NA,NA,NA,NA,NA,0,0,0,0,NA,0,0
"DWAYNEHARRIS","Dwayne Harris","WR","NYG",1,1,NA,NA,NA,NA,NA,NA,NA,NA,NA,NA,NA,0.1,0.8,13.3,0,NA,0,0
"BENNIEFOWLER","Bennie Fowler","WR","DEN",1,1,NA,NA,NA,NA,NA,NA,NA,NA,NA,NA,NA,0,0,0,0,NA,0,0
"QUINCYENUNWA","Quincy Enunwa","WR","NYJ",1,1,NA,NA,NA,NA,NA,NA,NA,NA,NA,NA,NA,0,0,0,0,NA,0,0
"JOSHHUFF","Josh Huff","WR","PHI",1,1,NA,NA,NA,NA,NA,NA,NA,NA,NA,NA,NA,1.6,26.1,16.2,0.1,NA,0.3,0
"SETHROBERTS","Seth Roberts","WR","OAK",1,1,NA,NA,NA,NA,NA,NA,NA,NA,NA,NA,NA,0,0,0,0,NA,0,0
"JAELENSTRONG","Jaelen Strong","WR","HOU",1,1,NA,NA,NA,NA,NA,NA,NA,NA,NA,NA,NA,1.7,23.5,14,0.1,NA,0,0
"EMMANUELSANDERS","Emmanuel Sanders","WR","DEN",1,1,NA,NA,NA,NA,NA,NA,NA,NA,NA,NA,NA,5.6,77.2,13.8,0.5,NA,0,0
"CHRISMATTHEWS","Chris Matthews","WR","SEA",1,1,NA,NA,NA,NA,NA,NA,NA,NA,NA,NA,NA,0.1,1.9,18.3,0,NA,0,0
"BRANDONMARSHALL","Brandon Marshall","WR","NYJ",1,1,NA,NA,NA,NA,NA,NA,NA,NA,NA,NA,NA,3.6,46.8,12.9,0.5,NA,0,0
"TYHILTON","T.Y. Hilton","WR","IND",1,1,NA,NA,NA,NA,NA,NA,NA,NA,NA,NA,NA,5.4,76.5,14.2,0.2,NA,0,0
"BRANDONTATE","Brandon Tate","WR","CIN",1,1,NA,NA,NA,NA,NA,NA,NA,NA,NA,NA,NA,1.4,16.2,11.9,0.1,NA,0.1,0
"TERRANCEWILLIAMS","Terrance Williams","WR","DAL",1,1,NA,NA,NA,NA,NA,NA,NA,NA,NA,NA,NA,2,41.3,20.1,0.5,NA,0,0
"CHRISCONLEY","Chris Conley","WR","KC",1,1,NA,NA,NA,NA,NA,NA,NA,NA,NA,NA,NA,0.1,1.1,11.8,0,NA,0,0
"RYANGRANT","Ryan Grant","WR","WAS",1,1,NA,NA,NA,NA,NA,NA,NA,NA,NA,NA,NA,0.1,1.5,13,0,NA,0,0
"DEVINSMITH","Devin Smith","WR","NYJ",1,1,NA,NA,NA,NA,NA,NA,NA,NA,NA,NA,NA,1.8,24.7,13.4,0.2,NA,0,0
"LANCEMOORE","Lance Moore","WR","DET",1,1,NA,NA,NA,NA,NA,NA,NA,NA,NA,NA,NA,0,0,0,0,NA,0,0
"ANDRECALDWELL","Andre Caldwell","WR","DEN",1,1,NA,NA,NA,NA,NA,NA,NA,NA,NA,NA,NA,1.6,22,13.4,0.2,NA,0,0
"RISHARDMATTHEWS","Rishard Matthews","WR","MIA",1,1,NA,NA,NA,NA,NA,NA,NA,NA,NA,NA,NA,0.2,1.9,11.5,0,NA,0,0
"DORIALGREENBECKHAM","Dorial Green-Beckham","WR","TEN",1,1,NA,NA,NA,NA,NA,NA,NA,NA,NA,NA,NA,1.7,26.7,15.4,0.1,NA,0,0
"JAKEKUMEROW","Jake Kumerow","WR","CIN",1,1,NA,NA,NA,NA,NA,NA,NA,NA,NA,NA,NA,0,0,0,0,NA,0,0
"COREYFULLER","Corey Fuller","WR","DET",1,1,NA,NA,NA,NA,NA,NA,NA,NA,NA,NA,NA,1.8,26.2,14.6,0.1,NA,0.2,0
"DEANDREHOPKINS","DeAndre Hopkins","WR","HOU",1,1,NA,NA,NA,NA,NA,NA,NA,NA,NA,NA,NA,4.6,67.9,14.8,0.3,NA,0.1,0
"NICKWILLIAMS","Nick Williams","WR","ATL",1,1,NA,NA,NA,NA,NA,NA,NA,NA,NA,NA,NA,0,0,0,0,NA,0,0
"TORREYSMITH","Torrey Smith","WR","SF",1,1,NA,NA,NA,NA,NA,NA,NA,NA,NA,NA,NA,2.4,33.6,14,0.4,NA,0,0
"MARQUESCOLSTON","Marques Colston","WR","NO",1,1,NA,NA,NA,NA,NA,NA,NA,NA,NA,NA,NA,3.6,55.5,15.2,0.2,NA,0.1,0
"MARLONBROWN","Marlon Brown","WR","BAL",1,1,NA,NA,NA,NA,NA,NA,NA,NA,NA,NA,NA,1.9,18.6,9.9,0.1,NA,0,0
"JOHNBROWN","John Brown","WR","ARI",1,1,NA,NA,NA,NA,NA,NA,NA,NA,NA,NA,NA,3,51.1,17.1,0.5,NA,0,0
"TAVONAUSTIN","Tavon Austin","WR","STL",1,1,NA,NA,NA,NA,NA,NA,NA,NA,NA,NA,NA,2.3,17.4,7.4,0.1,NA,0,0
"JULIANTALLEY","Julian Talley","WR","NYG",1,1,NA,NA,NA,NA,NA,NA,NA,NA,NA,NA,NA,0,0,0,0,NA,0,0
"JORDANMATTHEWS","Jordan Matthews","WR","PHI",1,1,NA,NA,NA,NA,NA,NA,NA,NA,NA,NA,NA,3.7,64.7,17.6,0.5,NA,0,0
"NELSONAGHOLOR","Nelson Agholor","WR","PHI",1,1,NA,NA,NA,NA,NA,NA,NA,NA,NA,NA,NA,3.5,60.9,17.4,0.4,NA,0.1,0
"AJGREEN","A.J. Green","WR","CIN",1,1,NA,NA,NA,NA,NA,NA,NA,NA,NA,NA,NA,6.4,83.5,13,0.6,NA,0.1,0
"TEDGINN","Ted Ginn","WR","CAR",1,1,NA,NA,NA,NA,NA,NA,NA,NA,NA,NA,NA,2.5,36.4,14.6,0.2,NA,0.1,0
"COREYWASHINGTON","Corey Washington","WR","NYG",1,1,NA,NA,NA,NA,NA,NA,NA,NA,NA,NA,NA,0,0,0,0,NA,0,0
"DARRIUSHEYWARDBEY","Darrius Heyward-Bey","WR","PIT",1,1,NA,NA,NA,NA,NA,NA,NA,NA,NA,NA,NA,1.4,19.3,13.9,0.1,NA,0.2,0
"BRICEBUTLER","Brice Butler","WR","OAK",1,1,NA,NA,NA,NA,NA,NA,NA,NA,NA,NA,NA,0.1,1.9,13.6,0,NA,0,0
"DAMIEREBYRD","Damiere Byrd","WR","CAR",1,1,NA,NA,NA,NA,NA,NA,NA,NA,NA,NA,NA,0,0,0,0,NA,0,0
"PRESTONPARKER","Preston Parker","WR","NYG",1,1,NA,NA,NA,NA,NA,NA,NA,NA,NA,NA,NA,2.5,31.7,12.6,0.1,NA,0.1,0
"DONTRELLEINMAN","Dontrelle Inman","WR","SD",1,1,NA,NA,NA,NA,NA,NA,NA,NA,NA,NA,NA,0.2,2.5,13.5,0,NA,0,0
"JULIANEDELMAN","Julian Edelman","WR","NE",1,1,NA,NA,NA,NA,NA,NA,NA,NA,NA,NA,NA,6.5,74,11.4,0.5,NA,0,0
"FREDDIEMARTINO","Freddie Martino","WR","PHI",1,1,NA,NA,NA,NA,NA,NA,NA,NA,NA,NA,NA,0,0,0,0,NA,0,0
"WALTPOWELL","Walt Powell","WR","NYJ",1,1,NA,NA,NA,NA,NA,NA,NA,NA,NA,NA,NA,0,0,0,0,NA,0,0
"RASHADGREENE","Rashad Greene","WR","JAC",1,1,NA,NA,NA,NA,NA,NA,NA,NA,NA,NA,NA,0,0,0,0,NA,0,0
"AJCRUZ","A.J. Cruz","WR","CHI",1,1,NA,NA,NA,NA,NA,NA,NA,NA,NA,NA,NA,0,0,0,0,NA,0,0
"DONTEMONCRIEF","Donte Moncrief","WR","IND",1,1,NA,NA,NA,NA,NA,NA,NA,NA,NA,NA,NA,2,25.9,13.1,0.1,NA,0,0
"TJJONES","T.J. Jones","WR","DET",1,1,NA,NA,NA,NA,NA,NA,NA,NA,NA,NA,NA,0,0,0,0,NA,0,0
"BRANDINCOOKS","Brandin Cooks","WR","NO",1,1,NA,NA,NA,NA,NA,NA,NA,NA,NA,NA,NA,5.4,62.2,11.5,0.2,NA,0,0
"JAMESJONES","James Jones","WR","GB",1,1,NA,NA,NA,NA,NA,NA,NA,NA,NA,NA,NA,3.2,31.5,9.8,0.4,NA,0.1,0
"DEVINFUNCHESS","Devin Funchess","WR","CAR",1,1,NA,NA,NA,NA,NA,NA,NA,NA,NA,NA,NA,3,39.9,13.4,0.2,NA,0,0
"DURONCARTER","Duron Carter","WR","IND",1,1,NA,NA,NA,NA,NA,NA,NA,NA,NA,NA,NA,0,0,0,0,NA,0,0
"TRAVISBENJAMIN","Travis Benjamin","WR","CLE",1,1,NA,NA,NA,NA,NA,NA,NA,NA,NA,NA,NA,0.1,2.7,18.2,0,NA,0,0
"DEANTHONYTHOMAS","De'Anthony Thomas","WR","KC",1,1,NA,NA,NA,NA,NA,NA,NA,NA,NA,NA,NA,1.8,16.7,9.4,0.1,NA,0,0
"MARCMARIANI","Marc Mariani","WR","CHI",1,1,NA,NA,NA,NA,NA,NA,NA,NA,NA,NA,NA,0.1,1.5,13.6,0,NA,0,0
"BRUCEELLINGTON","Bruce Ellington","WR","SF",1,1,NA,NA,NA,NA,NA,NA,NA,NA,NA,NA,NA,1.3,17.4,13.2,0.3,NA,0,0
"RUSSELLSHEPARD","Russell Shepard","WR","TB",1,1,NA,NA,NA,NA,NA,NA,NA,NA,NA,NA,NA,0,0.4,16.6,0,NA,0,0
"PERCYHARVIN","Percy Harvin","WR","BUF",1,1,NA,NA,NA,NA,NA,NA,NA,NA,NA,NA,NA,4.1,34,8.3,0.2,NA,0.3,0
"DEVINHESTER","Devin Hester","WR","ATL",1,1,NA,NA,NA,NA,NA,NA,NA,NA,NA,NA,NA,1.1,16.9,15.8,0.1,NA,0.1,0
"GOLDENTATE","Golden Tate","WR","DET",1,1,NA,NA,NA,NA,NA,NA,NA,NA,NA,NA,NA,5.6,75.5,13.5,0.2,NA,0,0
"AARONDOBSON","Aaron Dobson","WR","NE",1,1,NA,NA,NA,NA,NA,NA,NA,NA,NA,NA,NA,0.2,3.6,15.1,0,NA,0,0
"JAMISONCROWDER","Jamison Crowder","WR","WAS",1,1,NA,NA,NA,NA,NA,NA,NA,NA,NA,NA,NA,0,0,0,0,NA,0,0
"RASHADROSS","Rashad Ross","WR","WAS",1,1,NA,NA,NA,NA,NA,NA,NA,NA,NA,NA,NA,0,0,0,0,NA,0,0
"ERICWEEMS","Eric Weems","WR","ATL",1,1,NA,NA,NA,NA,NA,NA,NA,NA,NA,NA,NA,0,0,0,0,NA,0,0
"QUINTONPATTON","Quinton Patton","WR","SF",1,1,NA,NA,NA,NA,NA,NA,NA,NA,NA,NA,NA,1.5,21,14.1,0.1,NA,0.2,0
"CHRISTIONJONES","Christion Jones","WR","MIA",1,1,NA,NA,NA,NA,NA,NA,NA,NA,NA,NA,NA,0,0,0,0,NA,0,0
"TONYWASHINGTON","Tony Washington","WR","JAC",1,1,NA,NA,NA,NA,NA,NA,NA,NA,NA,NA,NA,0,0,0,0,NA,0,0
"BRANDONCOLEMAN","Brandon Coleman","WR","NO",1,1,NA,NA,NA,NA,NA,NA,NA,NA,NA,NA,NA,3,41.2,13.6,0.2,NA,0,0
"WILLIESNEAD","Willie Snead","WR","NO",1,1,NA,NA,NA,NA,NA,NA,NA,NA,NA,NA,NA,0,0,0,0,NA,0,0
"KEENANALLEN","Keenan Allen","WR","SD",1,1,NA,NA,NA,NA,NA,NA,NA,NA,NA,NA,NA,5.7,68,11.9,0.4,NA,0.1,0
"DARRENWALLER","Darren Waller","WR","BAL",1,1,NA,NA,NA,NA,NA,NA,NA,NA,NA,NA,NA,0,0,0,0,NA,0,0
"MARVINJONES","Marvin Jones","WR","CIN",1,1,NA,NA,NA,NA,NA,NA,NA,NA,NA,NA,NA,2.7,34.2,12.7,0.4,NA,0,0
"MARQUEISGRAY","MarQueis Gray","TE","BUF",1,1,NA,NA,NA,NA,NA,NA,NA,NA,NA,NA,NA,0.6,7,10.9,0,NA,0,0
"JASONWITTEN","Jason Witten","TE","DAL",1,1,NA,NA,NA,NA,NA,NA,NA,NA,NA,NA,NA,4,49.8,12.3,0.3,NA,0,0
"GEOFFSWAIM","Geoff Swaim","TE","DAL",1,1,NA,NA,NA,NA,NA,NA,NA,NA,NA,NA,NA,0,0,0,0,NA,0,0
"KYLERUDOLPH","Kyle Rudolph","TE","MIN",1,1,NA,NA,NA,NA,NA,NA,NA,NA,NA,NA,NA,2.9,29.8,10.3,0.3,NA,0,0
"JACOBTAMME","Jacob Tamme","TE","ATL",1,1,NA,NA,NA,NA,NA,NA,NA,NA,NA,NA,NA,2,23.8,11.8,0.2,NA,0.1,0
"CHARLESCLAY","Charles Clay","TE","BUF",1,1,NA,NA,NA,NA,NA,NA,NA,NA,NA,NA,NA,2.1,25.9,12.2,0.1,NA,0,0
"MARTELLUSBENNETT","Martellus Bennett","TE","CHI",1,1,NA,NA,NA,NA,NA,NA,NA,NA,NA,NA,NA,5,54.8,11,0.3,NA,0,0
"DELANIEWALKER","Delanie Walker","TE","TEN",1,1,NA,NA,NA,NA,NA,NA,NA,NA,NA,NA,NA,3.3,42.6,13,0.2,NA,0,0
"GABEHOLMES","Gabe Holmes","TE","OAK",1,1,NA,NA,NA,NA,NA,NA,NA,NA,NA,NA,NA,0,0,0,0,NA,0,0
"VANCEMCDONALD","Vance McDonald","TE","SF",1,1,NA,NA,NA,NA,NA,NA,NA,NA,NA,NA,NA,1.3,13.9,10.4,0.1,NA,0.2,0
"BRANDONMYERS","Brandon Myers","TE","TB",1,1,NA,NA,NA,NA,NA,NA,NA,NA,NA,NA,NA,1.2,12.9,10.3,0.1,NA,0,0
"EMILIGWENAGU","Emil Igwenagu","TE","DET",1,1,NA,NA,NA,NA,NA,NA,NA,NA,NA,NA,NA,0,0,0,0,NA,0,0
"JAKESTONEBURNER","Jake Stoneburner","TE","MIA",1,1,NA,NA,NA,NA,NA,NA,NA,NA,NA,NA,NA,0,0,0,0,NA,0,0
"DJTIALAVEA","D.J. Tialavea","TE","ATL",1,1,NA,NA,NA,NA,NA,NA,NA,NA,NA,NA,NA,0,0,0,0,NA,0,0
"JAREDCOOK","Jared Cook","TE","STL",1,1,NA,NA,NA,NA,NA,NA,NA,NA,NA,NA,NA,3.3,35.7,11,0.3,NA,0,0
"CAMERONBRATE","Cameron Brate","TE","TB",1,1,NA,NA,NA,NA,NA,NA,NA,NA,NA,NA,NA,0,0,0,0,NA,0,0
"JOSEPHFAURIA","Joseph Fauria","TE","DET",1,1,NA,NA,NA,NA,NA,NA,NA,NA,NA,NA,NA,0,0,0,0,NA,0,0
"GARRETTGRAHAM","Garrett Graham","TE","HOU",1,1,NA,NA,NA,NA,NA,NA,NA,NA,NA,NA,NA,2,24.1,11.8,0.2,NA,0.1,0
"HEATHMILLER","Heath Miller","TE","PIT",1,1,NA,NA,NA,NA,NA,NA,NA,NA,NA,NA,NA,4.2,51.1,12.1,0.2,NA,0.1,0
"MICHAELHOOMANAWANUI","Michael Hoomanawanui","TE","NE",1,1,NA,NA,NA,NA,NA,NA,NA,NA,NA,NA,NA,0.1,1.7,12.9,0,NA,0,0
"JIMMYGRAHAM","Jimmy Graham","TE","SEA",1,1,NA,NA,NA,NA,NA,NA,NA,NA,NA,NA,NA,4.3,58.7,13.6,0.6,NA,0.1,0
"MYCOLEPRUITT","MyCole Pruitt","TE","MIN",1,1,NA,NA,NA,NA,NA,NA,NA,NA,NA,NA,NA,0.1,0.8,9.8,0,NA,0,0
"ADRIENROBINSON","Adrien Robinson","TE","NYG",1,1,NA,NA,NA,NA,NA,NA,NA,NA,NA,NA,NA,0,0,0,0,NA,0,0
"ROBGRONKOWSKI","Rob Gronkowski","TE","NE",1,1,NA,NA,NA,NA,NA,NA,NA,NA,NA,NA,NA,5.1,76,14.9,0.7,NA,0,0
"JIMDRAY","Jim Dray","TE","CLE",1,1,NA,NA,NA,NA,NA,NA,NA,NA,NA,NA,NA,1.6,20.3,12.7,0.1,NA,0,0
"JACKDOYLE","Jack Doyle","TE","IND",1,1,NA,NA,NA,NA,NA,NA,NA,NA,NA,NA,NA,0.2,0.9,5.3,0,NA,0,0
"CORYHARKEY","Cory Harkey","TE","STL",1,1,NA,NA,NA,NA,NA,NA,NA,NA,NA,NA,NA,0.1,0.7,6.3,0,NA,0,0
"CHASEFORD","Chase Ford","TE","MIN",1,1,NA,NA,NA,NA,NA,NA,NA,NA,NA,NA,NA,0.2,2.1,11.9,0,NA,0,0
"DAVIDJOHNSON","David Johnson","TE","SD",1,1,NA,NA,NA,NA,NA,NA,NA,NA,NA,NA,NA,2.2,23.8,10.6,0.2,NA,0,0
"JEFFCUMBERLAND","Jeff Cumberland","TE","NYJ",1,1,NA,NA,NA,NA,NA,NA,NA,NA,NA,NA,NA,1.4,16.8,12.4,0.4,NA,0,0
"GAVINESCOBAR","Gavin Escobar","TE","DAL",1,1,NA,NA,NA,NA,NA,NA,NA,NA,NA,NA,NA,1.7,21,12.3,0.3,NA,0,0
"LADARIUSGREEN","Ladarius Green","TE","SD",1,1,NA,NA,NA,NA,NA,NA,NA,NA,NA,NA,NA,3.1,42.8,13.9,0.3,NA,0,0
"BEARPASCOE","Bear Pascoe","TE","CHI",1,1,NA,NA,NA,NA,NA,NA,NA,NA,NA,NA,NA,0,0,0,0,NA,0,0
"VERNONDAVIS","Vernon Davis","TE","SF",1,1,NA,NA,NA,NA,NA,NA,NA,NA,NA,NA,NA,2.2,24.6,11.4,0.4,NA,0,0
"GARYBARNIDGE","Gary Barnidge","TE","CLE",1,1,NA,NA,NA,NA,NA,NA,NA,NA,NA,NA,NA,1.6,19,11.9,0.1,NA,0,0
"JOSHHILL","Josh Hill","TE","NO",1,1,NA,NA,NA,NA,NA,NA,NA,NA,NA,NA,NA,2.4,25.3,10.5,0.2,NA,0,0
"TREYBURTON","Trey Burton","TE","PHI",1,1,NA,NA,NA,NA,NA,NA,NA,NA,NA,NA,NA,0,0.4,12.4,0,NA,0,0
"CHRISGRAGG","Chris Gragg","TE","BUF",1,1,NA,NA,NA,NA,NA,NA,NA,NA,NA,NA,NA,1.4,14.9,10.9,0.2,NA,0,0
"JUSTICECUNNINGHAM","Justice Cunningham","TE","STL",1,1,NA,NA,NA,NA,NA,NA,NA,NA,NA,NA,NA,0,0,0,0,NA,0,0
"RICHARDRODGERS","Richard Rodgers","TE","GB",1,1,NA,NA,NA,NA,NA,NA,NA,NA,NA,NA,NA,1.8,18.9,10.7,0.2,NA,0,0
"KYLEMILLER","Kyle Miller","TE","SD",1,1,NA,NA,NA,NA,NA,NA,NA,NA,NA,NA,NA,0,0,0,0,NA,0,0
"TONYMOEAKI","Tony Moeaki","TE","ATL",1,1,NA,NA,NA,NA,NA,NA,NA,NA,NA,NA,NA,0,0,0,0,NA,0,0
"DJWILLIAMS","D.J. Williams","TE","WAS",1,1,NA,NA,NA,NA,NA,NA,NA,NA,NA,NA,NA,0,0,0,0,NA,0,0
"ASANTECLEVELAND","Asante Cleveland","TE","NE",1,1,NA,NA,NA,NA,NA,NA,NA,NA,NA,NA,NA,0,0,0,0,NA,0,0
"RASHAUNALLEN","RaShaun Allen","TE","SEA",1,1,NA,NA,NA,NA,NA,NA,NA,NA,NA,NA,NA,0,0,0,0,NA,0,0
"BENKOYACK","Ben Koyack","TE","JAC",1,1,NA,NA,NA,NA,NA,NA,NA,NA,NA,NA,NA,0,0,0,0,NA,0,0
"MAXXWILLIAMS","Maxx Williams","TE","BAL",1,1,NA,NA,NA,NA,NA,NA,NA,NA,NA,NA,NA,1.8,17.3,9.4,0.2,NA,0,0
"CJUZOMAH","C.J. Uzomah","TE","CIN",1,1,NA,NA,NA,NA,NA,NA,NA,NA,NA,NA,NA,0,0,0,0,NA,0,0
"MATTLENGEL","Matt Lengel","TE","CIN",1,1,NA,NA,NA,NA,NA,NA,NA,NA,NA,NA,NA,0,0,0,0,NA,0,0
"LEVINETOILOLO","Levine Toilolo","TE","ATL",1,1,NA,NA,NA,NA,NA,NA,NA,NA,NA,NA,NA,2,23.8,11.8,0.2,NA,0.1,0
"SCOTTSIMONSON","Scott Simonson","TE","CAR",1,1,NA,NA,NA,NA,NA,NA,NA,NA,NA,NA,NA,0,0,0,0,NA,0,0
"ANTHONYMCCOY","Anthony McCoy","TE","WAS",1,1,NA,NA,NA,NA,NA,NA,NA,NA,NA,NA,NA,0.1,1,11.2,0,NA,0,0
"LANCEKENDRICKS","Lance Kendricks","TE","STL",1,1,NA,NA,NA,NA,NA,NA,NA,NA,NA,NA,NA,1.8,15.4,8.4,0.4,NA,0,0
"BRIANLEONHARDT","Brian Leonhardt","TE","OAK",1,1,NA,NA,NA,NA,NA,NA,NA,NA,NA,NA,NA,0,0,0,0,NA,0,0
"KELLENDAVIS","Kellen Davis","TE","NYJ",1,1,NA,NA,NA,NA,NA,NA,NA,NA,NA,NA,NA,1.5,14.9,10.1,0.1,NA,0,0
"CROCKETTGILLMORE","Crockett Gillmore","TE","BAL",1,1,NA,NA,NA,NA,NA,NA,NA,NA,NA,NA,NA,2.8,27,9.8,0.2,NA,0,0
"LEESMITH","Lee Smith","TE","OAK",1,1,NA,NA,NA,NA,NA,NA,NA,NA,NA,NA,NA,1.7,15.6,9.1,0.1,NA,0,0
"TYLEREIFERT","Tyler Eifert","TE","CIN",1,1,NA,NA,NA,NA,NA,NA,NA,NA,NA,NA,NA,3.2,33.3,10.5,0.2,NA,0,0
"JERMAINEGRESHAM","Jermaine Gresham","TE","ARI",1,1,NA,NA,NA,NA,NA,NA,NA,NA,NA,NA,NA,1.5,15.7,10.3,0.2,NA,0,0
"RYANGRIFFIN","Ryan Griffin","TE","HOU",1,1,NA,NA,NA,NA,NA,NA,NA,NA,NA,NA,NA,0.1,1.2,11.2,0,NA,0,0
"EJBIBBS","E.J. Bibbs","TE","CLE",1,1,NA,NA,NA,NA,NA,NA,NA,NA,NA,NA,NA,0,0,0,0,NA,0,0
"DOMINIQUEJONES","Dominique Jones","TE","BAL",1,1,NA,NA,NA,NA,NA,NA,NA,NA,NA,NA,NA,0,0,0,0,NA,0,0
"TYLERKROFT","Tyler Kroft","TE","CIN",1,1,NA,NA,NA,NA,NA,NA,NA,NA,NA,NA,NA,1.2,10.8,9.1,0.1,NA,0,0
"AUSTINSEFERIANJENKINS","Austin Seferian-Jenkins","TE","TB",1,1,NA,NA,NA,NA,NA,NA,NA,NA,NA,NA,NA,2.8,29.2,10.5,0.3,NA,0.1,0
"KONRADREULAND","Konrad Reuland","TE","BAL",1,1,NA,NA,NA,NA,NA,NA,NA,NA,NA,NA,NA,0,0,0,0,NA,0,0
"DANTEROSARIO","Dante Rosario","TE","CHI",1,1,NA,NA,NA,NA,NA,NA,NA,NA,NA,NA,NA,0,0,0,0,NA,0,0
"JORDANCAMERON","Jordan Cameron","TE","MIA",1,1,NA,NA,NA,NA,NA,NA,NA,NA,NA,NA,NA,3.4,50,14.7,0.3,NA,0,0
"MATTHEWMULLIGAN","Matthew Mulligan","TE","BUF",1,1,NA,NA,NA,NA,NA,NA,NA,NA,NA,NA,NA,0.1,0.5,9.2,0,NA,0,0
"JESSEJAMES","Jesse James","TE","PIT",1,1,NA,NA,NA,NA,NA,NA,NA,NA,NA,NA,NA,0.1,0.8,11,0,NA,0,0
"JERONHAMM","Je'Ron Hamm","TE","WAS",1,1,NA,NA,NA,NA,NA,NA,NA,NA,NA,NA,NA,0,0,0,0,NA,0,0
"OWENDANIELS","Owen Daniels","TE","DEN",1,1,NA,NA,NA,NA,NA,NA,NA,NA,NA,NA,NA,2.4,27.6,11.7,0.2,NA,0,0
"ZACHMILLER","Zach Miller","TE","CHI",1,1,NA,NA,NA,NA,NA,NA,NA,NA,NA,NA,NA,0.1,1,10.2,0,NA,0,0
"EDDICKSON","Ed Dickson","TE","CAR",1,1,NA,NA,NA,NA,NA,NA,NA,NA,NA,NA,NA,1.8,18.7,10.5,0.1,NA,0,0
"MALCOLMJOHNSON","Malcolm Johnson","TE","CLE",1,1,NA,NA,NA,NA,NA,NA,NA,NA,NA,NA,NA,0,0.2,9.2,0,NA,0,0
"MARCEDESLEWIS","Marcedes Lewis","TE","JAC",1,1,NA,NA,NA,NA,NA,NA,NA,NA,NA,NA,NA,1.7,22.8,13.7,0.3,NA,0.1,0
"RHETTELLISON","Rhett Ellison","TE","MIN",1,1,NA,NA,NA,NA,NA,NA,NA,NA,NA,NA,NA,1.5,15.2,10.3,0.1,NA,0,0
"MARCELJENSEN","Marcel Jensen","TE","ATL",1,1,NA,NA,NA,NA,NA,NA,NA,NA,NA,NA,NA,0,0,0,0,NA,0,0
"VIRGILGREEN","Virgil Green","TE","DEN",1,1,NA,NA,NA,NA,NA,NA,NA,NA,NA,NA,NA,2.8,29.4,10.6,0.3,NA,0,0
"JAMESOSHAUGHNESSY","James O'Shaughnessy","TE","KC",1,1,NA,NA,NA,NA,NA,NA,NA,NA,NA,NA,NA,1.9,16.7,8.7,0.1,NA,0,0
"SEANMCGRATH","Sean McGrath","TE","IND",1,1,NA,NA,NA,NA,NA,NA,NA,NA,NA,NA,NA,0,0,0,0,NA,0,0
"ZACHERTZ","Zach Ertz","TE","PHI",1,1,NA,NA,NA,NA,NA,NA,NA,NA,NA,NA,NA,3.1,43.6,14.2,0.2,NA,0.1,0
"ALEXSMITH","Alex Smith","TE","NO",1,1,NA,NA,NA,NA,NA,NA,NA,NA,NA,NA,NA,0,0,0,0,NA,0,0
"PHILLIPSUPERNAW","Phillip Supernaw","TE","TEN",1,1,NA,NA,NA,NA,NA,NA,NA,NA,NA,NA,NA,0,0,0,0,NA,0,0
"DARRENFELLS","Darren Fells","TE","ARI",1,1,NA,NA,NA,NA,NA,NA,NA,NA,NA,NA,NA,1.7,22.2,12.8,0.4,NA,0,0
"IFEANYIMOMAH","Ifeanyi Momah","TE","ARI",1,1,NA,NA,NA,NA,NA,NA,NA,NA,NA,NA,NA,0,0,0,0,NA,0,0
"ALEXBAYER","Alex Bayer","TE","SD",1,1,NA,NA,NA,NA,NA,NA,NA,NA,NA,NA,NA,0,0,0,0,NA,0,0
"KENNARDBACKMAN","Kennard Backman","TE","GB",1,1,NA,NA,NA,NA,NA,NA,NA,NA,NA,NA,NA,0,0,0,0,NA,0,0
"BRANDONPETTIGREW","Brandon Pettigrew","TE","DET",1,1,NA,NA,NA,NA,NA,NA,NA,NA,NA,NA,NA,1.6,15.6,9.9,0.1,NA,0,0
"RICHIEBROCKEL","Richie Brockel","TE","CAR",1,1,NA,NA,NA,NA,NA,NA,NA,NA,NA,NA,NA,0,0.1,11.7,0,NA,0,0
"LUKEWILLSON","Luke Willson","TE","SEA",1,1,NA,NA,NA,NA,NA,NA,NA,NA,NA,NA,NA,1.7,26.9,15.6,0.2,NA,0,0
"TIMOTHYWRIGHT","Timothy Wright","TE","DET",1,1,NA,NA,NA,NA,NA,NA,NA,NA,NA,NA,NA,0.3,3.2,11.6,0,NA,0,0
"ANTHONYFASANO","Anthony Fasano","TE","TEN",1,1,NA,NA,NA,NA,NA,NA,NA,NA,NA,NA,NA,1.3,13.7,10.2,0.3,NA,0,0
"BENJAMINWATSON","Benjamin Watson","TE","NO",1,1,NA,NA,NA,NA,NA,NA,NA,NA,NA,NA,NA,2.4,25.3,10.5,0.1,NA,0,0
"MATTSPAETH","Matt Spaeth","TE","PIT",1,1,NA,NA,NA,NA,NA,NA,NA,NA,NA,NA,NA,2.6,28.6,11.2,0.2,NA,0,0
"CHRISMANHERTZ","Chris Manhertz","TE","NO",1,1,NA,NA,NA,NA,NA,NA,NA,NA,NA,NA,NA,0,0,0,0,NA,0,0
"DANIELFELLS","Daniel Fells","TE","NYG",1,1,NA,NA,NA,NA,NA,NA,NA,NA,NA,NA,NA,1.8,18.8,10.4,0.2,NA,0.2,0
"JOHNPHILLIPS","John Phillips","TE","SD",1,1,NA,NA,NA,NA,NA,NA,NA,NA,NA,NA,NA,0,0,0,0,NA,0,0
"CLIVEWALFORD","Clive Walford","TE","OAK",1,1,NA,NA,NA,NA,NA,NA,NA,NA,NA,NA,NA,0.1,1,8.7,0,NA,0,0
"CJFIEDOROWICZ","C.J. Fiedorowicz","TE","HOU",1,1,NA,NA,NA,NA,NA,NA,NA,NA,NA,NA,NA,1.6,16.9,10.5,0.2,NA,0,0
"DEREKCARRIER","Derek Carrier","TE","WAS",1,1,NA,NA,NA,NA,NA,NA,NA,NA,NA,NA,NA,1.9,19.9,10.5,0.1,NA,0,0
"NICKOLEARY","Nick O'Leary","TE","BUF",1,1,NA,NA,NA,NA,NA,NA,NA,NA,NA,NA,NA,0,0,0,0,NA,0,0
"LUKESTOCKER","Luke Stocker","TE","TB",1,1,NA,NA,NA,NA,NA,NA,NA,NA,NA,NA,NA,0.1,0.6,6.8,0,NA,0,0
"MYCHALRIVERA","Mychal Rivera","TE","OAK",1,1,NA,NA,NA,NA,NA,NA,NA,NA,NA,NA,NA,3.1,30,9.7,0.3,NA,0,0
"ANDREWQUARLESS","Andrew Quarless","TE","GB",1,1,NA,NA,NA,NA,NA,NA,NA,NA,NA,NA,NA,1.9,19.5,10.5,0.2,NA,0,0
"CLAYHARBOR","Clay Harbor","TE","JAC",1,1,NA,NA,NA,NA,NA,NA,NA,NA,NA,NA,NA,2.4,27.4,11.6,0.2,NA,0,0
"ROBHOUSLER","Rob Housler","TE","CLE",1,1,NA,NA,NA,NA,NA,NA,NA,NA,NA,NA,NA,1.6,19,11.9,0.1,NA,0,0
"BRENTCELEK","Brent Celek","TE","PHI",1,1,NA,NA,NA,NA,NA,NA,NA,NA,NA,NA,NA,2.1,29.6,13.9,0.2,NA,0.1,0
"COOPERHELFET","Cooper Helfet","TE","SEA",1,1,NA,NA,NA,NA,NA,NA,NA,NA,NA,NA,NA,0,0,0,0,NA,0,0
"GREGOLSEN","Greg Olsen","TE","CAR",1,1,NA,NA,NA,NA,NA,NA,NA,NA,NA,NA,NA,5,59.6,11.9,0.3,NA,0,0
"JORDANREED","Jordan Reed","TE","WAS",1,1,NA,NA,NA,NA,NA,NA,NA,NA,NA,NA,NA,3.5,33.5,9.5,0.1,NA,0.1,0
"GARRETTCELEK","Garrett Celek","TE","SF",1,1,NA,NA,NA,NA,NA,NA,NA,NA,NA,NA,NA,0.1,1.7,19.3,0,NA,0,0
"TRAVISKELCE","Travis Kelce","TE","KC",1,1,NA,NA,NA,NA,NA,NA,NA,NA,NA,NA,NA,4.3,53.7,12.4,0.4,NA,0.2,0
"RYANTAYLOR","Ryan Taylor","TE","KC",1,1,NA,NA,NA,NA,NA,NA,NA,NA,NA,NA,NA,0,0,0,0,NA,0,0
"ERICEBRON","Eric Ebron","TE","DET",1,1,NA,NA,NA,NA,NA,NA,NA,NA,NA,NA,NA,2.8,28.3,10.3,0.1,NA,0,0
"LARRYDONNELL","Larry Donnell","TE","NYG",1,1,NA,NA,NA,NA,NA,NA,NA,NA,NA,NA,NA,3.2,31.5,9.7,0.2,NA,0.3,0
"DIONSIMS","Dion Sims","TE","MIA",1,1,NA,NA,NA,NA,NA,NA,NA,NA,NA,NA,NA,2,21.9,10.7,0.1,NA,0,0
"CRAIGSTEVENS","Craig Stevens","TE","TEN",1,1,NA,NA,NA,NA,NA,NA,NA,NA,NA,NA,NA,0.1,0.9,11.2,0,NA,0,0
"JAMESHANNA","James Hanna","TE","DAL",1,1,NA,NA,NA,NA,NA,NA,NA,NA,NA,NA,NA,0.1,0.6,10.2,0,NA,0,0
"SCOTTCHANDLER","Scott Chandler","TE","NE",1,1,NA,NA,NA,NA,NA,NA,NA,NA,NA,NA,NA,2,26.5,13.2,0.2,NA,0,0
"TROYNIKLAS","Troy Niklas","TE","ARI",1,1,NA,NA,NA,NA,NA,NA,NA,NA,NA,NA,NA,0.1,0.9,13.2,0,NA,0,0
"NICJACOBS","Nic Jacobs","TE","JAC",1,1,NA,NA,NA,NA,NA,NA,NA,NA,NA,NA,NA,0.1,0.7,8.9,0,NA,0,0
"RYANHEWITT","Ryan Hewitt","TE","CIN",1,1,NA,NA,NA,NA,NA,NA,NA,NA,NA,NA,NA,1.5,15,9.9,0.1,NA,0,0
"DWAYNEALLEN","Dwayne Allen","TE","IND",1,1,NA,NA,NA,NA,NA,NA,NA,NA,NA,NA,NA,2.2,25.7,11.4,0.4,NA,0,0
"XAVIERGRIMBLE","Xavier Grimble","TE","SF",1,1,NA,NA,NA,NA,NA,NA,NA,NA,NA,NA,NA,0,0,0,0,NA,0,0
"COBYFLEENER","Coby Fleener","TE","IND",1,1,NA,NA,NA,NA,NA,NA,NA,NA,NA,NA,NA,2.7,35,13,0.2,NA,0,0
"JAMESCASEY","James Casey","TE","DEN",1,1,NA,NA,NA,NA,NA,NA,NA,NA,NA,NA,NA,0.3,6.2,18,0.2,NA,0,0
"GANNONSINCLAIR","Gannon Sinclair","TE","CHI",1,1,NA,NA,NA,NA,NA,NA,NA,NA,NA,NA,NA,0,0,0,0,NA,0,0
"NICKBOYLE","Nick Boyle","TE","BAL",1,1,NA,NA,NA,NA,NA,NA,NA,NA,NA,NA,NA,0.1,1,9.8,0,NA,0,0
"ERIKSWOOPE","Erik Swoope","TE","IND",1,1,NA,NA,NA,NA,NA,NA,NA,NA,NA,NA,NA,0,0,0,0,NA,0,0
"JUSTINPERILLO","Justin Perillo","TE","GB",1,1,NA,NA,NA,NA,NA,NA,NA,NA,NA,NA,NA,0,0,0,0,NA,0,0
"KHARILEE","Khari Lee","TE","CHI",1,1,NA,NA,NA,NA,NA,NA,NA,NA,NA,NA,NA,0,0,0,0,NA,0,0
"JEROMECUNNINGHAM","Jerome Cunningham","TE","NYG",1,1,NA,NA,NA,NA,NA,NA,NA,NA,NA,NA,NA,0,0,0,0,NA,0,0
"WESSAXTON","Wes Saxton","TE","NYJ",1,1,NA,NA,NA,NA,NA,NA,NA,NA,NA,NA,NA,0,0,0,0,NA,0,0
"BLAKEBELL","Blake Bell","TE","SF",1,1,NA,NA,NA,NA,NA,NA,NA,NA,NA,NA,NA,0,0,0,0,NA,0,0
