"name","pos","name_fox","team_fox","positionRank_fox","overallRank_fox","pts_fox","passAtt_fox","passComp_fox","passYds_fox","passTds_fox","passInt_fox","rushAtt_fox","rushYds_fox","rushTds_fox","rec_fox","recYds_fox","recTds_fox","returnTds_fox","twoPts_fox","fumbles_fox"
"JAYCUTLER","QB","Jay Cutler","CHI",1,1,25,34.3,23.9,287,2.3,0.8,2.7,6.6,0.1,NA,NA,NA,NA,0,0
"DREWBREES","QB","Drew Brees","NO",2,2,23.7,41.4,26.7,325.2,2.1,1,2.3,0.1,0,NA,NA,NA,NA,0.1,0
"ANDREWLUCK","QB","Andrew Luck","IND",3,3,23.4,31,21.5,264.9,1.9,0.5,4,15.2,0.1,NA,NA,NA,NA,0,0
"AARONRODGERS","QB","Aaron Rodgers","GB",4,4,22.6,31.1,22.6,274.7,2,0.7,3.8,8.2,0.1,NA,NA,NA,NA,0,0
"PHILIPRIVERS","QB","Philip Rivers","SD",5,5,21.9,34.3,23.2,283.9,2.1,0.9,2,0.3,0,NA,NA,NA,NA,0,0
"COLINKAEPERNICK","QB","Colin Kaepernick","SF",6,6,21.8,32.1,20.5,239.4,1.5,0.4,6.3,27.5,0.2,NA,NA,NA,NA,0,0
"ALEXSMITH","QB","Alex Smith","KC",7,7,21.4,28.6,20.3,243.8,1.7,0.5,5.1,16.7,0.1,NA,NA,NA,NA,0,0
"MARKSANCHEZ","QB","Mark Sanchez","PHI",8,8,20.2,34.9,22.4,268.2,1.9,1.2,2,2.5,0,NA,NA,NA,NA,0,0
"TOMBRADY","QB","Tom Brady","NE",9,9,19.9,33.5,21.9,266.4,1.8,0.9,2.7,0,0,NA,NA,NA,NA,0,0
"DREWSTANTON","QB","Drew Stanton","ARI",10,10,19.8,35.9,22.4,275.1,1.7,0.9,1.8,3.7,0,NA,NA,NA,NA,0,0
"TONYROMO","QB","Tony Romo","DAL",11,11,19.6,37.3,22.6,274.4,1.9,1.4,3.2,1.6,0,NA,NA,NA,NA,0,0
"DEMARCOMURRAY","RB","DeMarco Murray","DAL",1,12,19.4,NA,NA,NA,NA,NA,18.9,104.1,1.1,3,20.6,0.2,NA,0,0.2
"KYLEORTON","QB","Kyle Orton","BUF",12,13,19.2,34.2,21.1,251.1,1.7,0.7,1.9,2.1,0,NA,NA,NA,NA,0,0
"PEYTONMANNING","QB","Peyton Manning","DEN",13,14,18.9,37.7,23.8,286.5,1.6,1.1,1.7,0,0,NA,NA,NA,NA,0.1,0
"JOSHMCCOWN","QB","Josh McCown","TB",13,14,18.9,35.7,22,263.3,1.6,1.1,1.3,4.2,0,NA,NA,NA,NA,0,0
"JOEFLACCO","QB","Joe Flacco","BAL",15,16,18.8,34.6,21.2,254.2,1.7,0.9,2.5,3.1,0,NA,NA,NA,NA,0,0
"BRIANHOYER","QB","Brian Hoyer","CLE",16,17,18.6,33,19.8,248.8,1.6,0.8,2.5,3.4,0,NA,NA,NA,NA,0,0
"SHAUNHILL","QB","Shaun Hill","STL",17,18,18.5,35,20.8,244.3,1.5,0.8,2.3,9,0.1,NA,NA,NA,NA,0,0
"MATTFORTE","RB","Matt Forte","CHI",2,19,17.8,NA,NA,NA,NA,NA,20.7,79.8,0.8,4.2,35.1,0.3,NA,0,0.3
"RYANTANNEHILL","QB","Ryan Tannehill","MIA",18,20,17.7,33.2,20.6,228.8,1.4,0.8,2.8,12.3,0.1,NA,NA,NA,NA,0,0.1
"ANDYDALTON","QB","Andy Dalton","CIN",19,21,17.6,33.1,19.8,251.7,1.5,1.2,3.9,8.4,0,NA,NA,NA,NA,0,0
"ELIMANNING","QB","Eli Manning","NYG",20,22,17.4,37,22.5,257.5,1.7,1.6,1.4,0.2,0,NA,NA,NA,NA,0,0
"ROBERTGRIFFIN","QB","Robert Griffin III","WAS",21,23,17.2,34.5,19.2,229.6,1.3,1.1,3.7,18.9,0.1,NA,NA,NA,NA,0,0
"RUSSELLWILSON","QB","Russell Wilson","SEA",22,24,17.1,27.4,16.5,201.5,1.1,1,6.7,34.3,0.2,NA,NA,NA,NA,0,0.1
"ARIANFOSTER","RB","Arian Foster","HOU",3,25,16.6,NA,NA,NA,NA,NA,20.6,98.6,0.8,2.4,17.3,0.1,NA,0,0.3
"MICHAELVICK","QB","Michael Vick","NYJ",23,26,16.4,25.6,14.9,185.3,0.9,1,6.5,39.2,0.3,NA,NA,NA,NA,0,0.1
"BLAKEBORTLES","QB","Blake Bortles","JAC",24,27,15.8,33.8,19.1,221,1.1,1,2.3,15.4,0.1,NA,NA,NA,NA,0,0
"MATTHEWSTAFFORD","QB","Matthew Stafford","DET",24,27,15.8,37.7,21,258.3,1.2,1.3,2.5,5.5,0,NA,NA,NA,NA,0,0
"MATTRYAN","QB","Matt Ryan","ATL",26,29,15.6,39.3,21.5,248,1.3,1.4,2.3,6.3,0,NA,NA,NA,NA,0,0
"LESEANMCCOY","RB","LeSean McCoy","PHI",4,30,15.1,NA,NA,NA,NA,NA,19,84.6,0.8,2.5,19,0.1,NA,0,0.4
"RASHADJENNINGS","RB","Rashad Jennings","NYG",5,31,14.6,NA,NA,NA,NA,NA,18.8,83.2,0.7,2.4,18.9,0.1,NA,0,0.3
"ZACHMETTENBERGER","QB","Zach Mettenberger","TEN",27,32,14.3,32.5,18.1,221.3,1.1,0.9,1.4,4.7,0,NA,NA,NA,NA,0,0
"JAMAALCHARLES","RB","Jamaal Charles","KC",6,32,14.3,NA,NA,NA,NA,NA,18.5,70,0.7,3.1,28,0.1,NA,0,0.4
"TRENTRICHARDSON","RB","Trent Richardson","IND",6,32,14.3,NA,NA,NA,NA,NA,19.1,73.3,0.8,2.4,20.7,0.2,NA,0,0.3
"FRANKGORE","RB","Frank Gore","SF",8,35,13.8,NA,NA,NA,NA,NA,18.3,74.1,0.7,2.2,18.8,0.1,NA,0,0.3
"TEDDYBRIDGEWATER","QB","Teddy Bridgewater","MIN",28,36,13.7,31.6,17.8,201.2,1.1,1.3,3.4,14.4,0.1,NA,NA,NA,NA,0,0.1
"RYANMALLETT","QB","Ryan Mallett","HOU",29,37,13.4,32.8,17.9,210.4,1.1,1.3,2.7,8.4,0,NA,NA,NA,NA,0,0
"JUSTINFORSETT","RB","Justin Forsett","BAL",9,37,13.4,NA,NA,NA,NA,NA,17.5,77.2,0.7,2.3,15.3,0.1,NA,0,0.3
"DEREKCARR","QB","Derek Carr","OAK",30,39,13.1,32.8,18.2,215.3,1,1,1.1,3.2,0,NA,NA,NA,NA,0,0
"LAMARMILLER","RB","Lamar Miller","MIA",10,40,13,NA,NA,NA,NA,NA,17.1,76.8,0.6,2.3,14.5,0.1,NA,0,0.3
"ANDREELLINGTON","RB","Andre Ellington","ARI",11,41,12.6,NA,NA,NA,NA,NA,18.7,55.1,0.5,3.9,37.1,0.2,NA,0,0.4
"TREMASON","RB","Tre Mason","STL",12,42,12.4,NA,NA,NA,NA,NA,17.6,80.9,0.6,1.6,8.8,0,NA,0,0.3
"MARKINGRAM","RB","Mark Ingram","NO",13,43,12.2,NA,NA,NA,NA,NA,16.4,60.9,0.6,3.3,21,0.1,NA,0,0.3
"JORDYNELSON","WR","Jordy Nelson","GB",1,43,12.2,NA,NA,NA,NA,NA,0,0,0,5.7,88.7,0.6,NA,0,0
"DENARDROBINSON","RB","Denard Robinson","JAC - W",14,45,11.9,NA,NA,NA,NA,NA,17,78.8,0.6,1.5,8.1,0,NA,0.1,0.3
"DENARDROBINSON","WR","Denard Robinson","JAC - W",2,45,11.9,NA,NA,NA,NA,NA,17,78.8,0.6,1.5,8.1,0,NA,0.1,0.3
"ALFREDMORRIS","RB","Alfred Morris","WAS",15,47,11.8,NA,NA,NA,NA,NA,19.5,76.5,0.6,1.1,8.8,0.1,NA,0,0.3
"CJANDERSON","RB","C.J. Anderson","DEN",16,48,11.7,NA,NA,NA,NA,NA,14.7,62.7,0.6,2.9,16.2,0.1,NA,0,0.3
"RYANMATHEWS","RB","Ryan Mathews","SD",16,48,11.7,NA,NA,NA,NA,NA,15.2,64.9,0.6,2.4,16.3,0.1,NA,0,0.2
"EDDIELACY","RB","Eddie Lacy","GB",18,50,11.6,NA,NA,NA,NA,NA,17.8,59.6,0.6,2.3,18.6,0.1,NA,0,0.3
"FREDJACKSON","RB","Fred Jackson","BUF",19,51,11.5,NA,NA,NA,NA,NA,13.8,55.8,0.5,3,23.3,0.2,NA,0,0.3
"DEMARYIUSTHOMAS","WR","Demaryius Thomas","DEN",3,52,11.4,NA,NA,NA,NA,NA,0,0,0,5.9,86.8,0.5,NA,0,0.1
"MARQUESCOLSTON","WR","Marques Colston","NO",4,53,11.3,NA,NA,NA,NA,NA,0,0,0,5.3,84,0.5,NA,0,0.1
"DEZBRYANT","WR","Dez Bryant","DAL",5,54,11.2,NA,NA,NA,NA,NA,0,0,0,5.5,82.1,0.5,NA,0,0
"AJGREEN","WR","A.J. Green","CIN",6,55,11,NA,NA,NA,NA,NA,0,0,0,4.9,84.8,0.4,NA,0,0.1
"CALVINJOHNSON","WR","Calvin Johnson","DET",6,55,11,NA,NA,NA,NA,NA,0,0,0,5.3,86.5,0.4,NA,0,0
"JONASGRAY","RB","Jonas Gray","NE",20,57,10.8,NA,NA,NA,NA,NA,19.1,69.4,0.7,0.4,1.9,0,NA,0,0.3
"STEVESMITH","WR","Steve Smith Sr.","BAL",8,58,10.6,NA,NA,NA,NA,NA,0,0,0,5,78.1,0.5,NA,0,0
"BISHOPSANKEY","RB","Bishop Sankey","TEN",21,59,10.5,NA,NA,NA,NA,NA,16,66.4,0.4,2,13.3,0.1,NA,0,0.3
"CHRISIVORY","RB","Chris Ivory","NYJ",22,60,10.4,NA,NA,NA,NA,NA,17,66.8,0.5,1.5,11.8,0,NA,0,0.3
"MALCOMFLOYD","WR","Malcom Floyd","SD",9,61,10.3,NA,NA,NA,NA,NA,0,0,0,4.2,72.5,0.5,NA,0,0.1
"ALSHONJEFFERY","WR","Alshon Jeffery","CHI",10,62,10.1,NA,NA,NA,NA,NA,0,0,0,5.4,68.4,0.6,NA,0,0
"STEVENJACKSON","RB","Steven Jackson","ATL",23,63,10,NA,NA,NA,NA,NA,12.9,59.6,0.5,1.9,12.7,0.1,NA,0,0.3
"KENNYSTILLS","WR","Kenny Stills","NO",11,63,10,NA,NA,NA,NA,NA,0,0,0,5.7,74.4,0.5,NA,0,0.1
"EDDIEROYAL","WR","Eddie Royal","SD",11,63,10,NA,NA,NA,NA,NA,0,0,0,5,69.8,0.5,NA,0,0
"JIMMYGRAHAM","TE","Jimmy Graham","NO",1,66,9.9,NA,NA,NA,NA,NA,0,0,0,6.1,70.5,0.5,NA,0,0.1
"JERICKMCKINNON","RB","Jerick McKinnon","MIN",24,67,9.8,NA,NA,NA,NA,NA,14.2,63.7,0.4,2.3,11.5,0,NA,0,0.2
"MARSHAWNLYNCH","RB","Marshawn Lynch","SEA",24,67,9.8,NA,NA,NA,NA,NA,19.4,58.9,0.5,1.6,12.5,0.1,NA,0,0.3
"BRANDONMARSHALL","WR","Brandon Marshall","CHI",13,67,9.8,NA,NA,NA,NA,NA,0,0,0,5.2,68.3,0.5,NA,0,0
"PERCYHARVIN","WR","Percy Harvin","NYJ",14,70,9.7,NA,NA,NA,NA,NA,2.1,11.9,0.1,4.2,63.8,0.3,NA,0,0
"JOIQUEBELL","RB","Joique Bell","DET",26,71,9.5,NA,NA,NA,NA,NA,14.1,51.5,0.4,2,19.6,0.1,NA,0,0.2
"DWAYNEBOWE","WR","Dwayne Bowe","KC",15,71,9.5,NA,NA,NA,NA,NA,0,0,0,4.3,69.8,0.4,NA,0,0
"JEREMYMACLIN","WR","Jeremy Maclin","PHI",15,71,9.5,NA,NA,NA,NA,NA,0,0,0,4.2,68.8,0.5,NA,0,0.1
"LARRYFITZGERALD","WR","Larry Fitzgerald","ARI",15,71,9.5,NA,NA,NA,NA,NA,0,0,0,4.8,72.4,0.4,NA,0,0
"RANDALLCOBB","WR","Randall Cobb","GB",15,71,9.5,NA,NA,NA,NA,NA,0,0,0,5.1,66.4,0.5,NA,0,0.1
"MIKEWALLACE","WR","Mike Wallace","MIA",15,71,9.5,NA,NA,NA,NA,NA,0,0,0,4.8,70.8,0.4,NA,0,0.1
"GIOVANIBERNARD","RB","Giovani Bernard","CIN",27,77,9.2,NA,NA,NA,NA,NA,12.4,43.8,0.3,2.7,24.3,0.1,NA,0,0.3
"VINCENTJACKSON","WR","Vincent Jackson","TB",20,77,9.2,NA,NA,NA,NA,NA,0,0,0,4.7,70.4,0.4,NA,0,0
"TYHILTON","WR","T.Y. Hilton","IND",20,77,9.2,NA,NA,NA,NA,NA,0,0,0,4.7,63.5,0.5,NA,0,0
"JULIANEDELMAN","WR","Julian Edelman","NE",22,80,9.1,NA,NA,NA,NA,NA,0,0,0,5.5,67.3,0.4,NA,0,0.1
"ANQUANBOLDIN","WR","Anquan Boldin","SF",22,80,9.1,NA,NA,NA,NA,NA,0,0,0,4.8,69.9,0.4,NA,0,0
"ROBGRONKOWSKI","TE","Rob Gronkowski","NE",2,82,9,NA,NA,NA,NA,NA,0,0,0,5.2,62.2,0.5,NA,0,0
"TORREYSMITH","WR","Torrey Smith","BAL",24,83,8.9,NA,NA,NA,NA,NA,0,0,0,4.6,66.5,0.4,NA,0,0
"ISAIAHCROWELL","RB","Isaiah Crowell","CLE",28,84,8.8,NA,NA,NA,NA,NA,14.2,57.6,0.5,0.5,2.7,0,NA,0,0.3
"MIKEEVANS","WR","Mike Evans","TB",25,84,8.8,NA,NA,NA,NA,NA,0,0,0,4.7,64.9,0.4,NA,0,0
"BRANDONLAFELL","WR","Brandon LaFell","NE",26,86,8.6,NA,NA,NA,NA,NA,0,0,0,4.8,62,0.4,NA,0,0.1
"REGGIEWAYNE","WR","Reggie Wayne","IND",27,87,8.5,NA,NA,NA,NA,NA,0,0,0,4.5,63.6,0.4,NA,0,0
"JULIOJONES","WR","Julio Jones","ATL",27,87,8.5,NA,NA,NA,NA,NA,0,0,0,5.3,65.4,0.4,NA,0,0.1
"ANDREJOHNSON","WR","Andre Johnson","HOU",27,87,8.5,NA,NA,NA,NA,NA,0,0,0,4.9,67.6,0.3,NA,0,0.1
"DESEANJACKSON","WR","DeSean Jackson","WAS",30,90,8.4,NA,NA,NA,NA,NA,0,0,0,4.1,65.6,0.3,NA,0,0.1
"EMMANUELSANDERS","WR","Emmanuel Sanders","DEN",30,90,8.4,NA,NA,NA,NA,NA,0,0,0,5,62.9,0.4,NA,0,0.1
"DOUGBALDWIN","WR","Doug Baldwin","SEA",30,90,8.4,NA,NA,NA,NA,NA,0,0,0,4.3,64.4,0.3,NA,0,0
"SAMMYWATKINS","WR","Sammy Watkins","BUF",33,93,8.3,NA,NA,NA,NA,NA,0,0,0,5,61.4,0.4,NA,0,0.1
"RUEBENRANDLE","WR","Rueben Randle","NYG",33,93,8.3,NA,NA,NA,NA,NA,0,0,0,5.3,60.6,0.4,NA,0,0.1
"KENNYBRITT","WR","Kenny Britt","STL",33,93,8.3,NA,NA,NA,NA,NA,0,0,0,3.9,64.2,0.3,NA,0,0.1
"JOSHGORDON","WR","Josh Gordon","CLE",33,93,8.3,NA,NA,NA,NA,NA,0,0,0,4.3,59.5,0.4,NA,0,0
"TERRANCEWEST","RB","Terrance West","CLE",29,97,8.2,NA,NA,NA,NA,NA,13.1,48.1,0.5,0.6,4.4,0,NA,0,0.2
"DARRENSPROLES","RB","Darren Sproles","PHI",30,98,8.1,NA,NA,NA,NA,NA,4.3,23.1,0.2,3.1,32.7,0.2,NA,0,0.1
"ALLENHURNS","WR","Allen Hurns","JAC",37,98,8.1,NA,NA,NA,NA,NA,0,0,0,4,63.5,0.3,NA,0,0
"JEREMYHILL","RB","Jeremy Hill","CIN",31,100,8,NA,NA,NA,NA,NA,11.9,43.2,0.5,1.3,9.3,0.1,NA,0,0.2
"ANDREWHAWKINS","WR","Andrew Hawkins","CLE",38,100,8,NA,NA,NA,NA,NA,0,0,0,4.8,59.9,0.4,NA,0,0
"RODDYWHITE","WR","Roddy White","ATL",38,100,8,NA,NA,NA,NA,NA,0,0,0,4.4,63.2,0.3,NA,0,0.1
"TERRANCEWILLIAMS","WR","Terrance Williams","DAL",38,100,8,NA,NA,NA,NA,NA,0,0,0,4.1,57.4,0.4,NA,0,0
"CHARLESSIMS","RB","Charles Sims","TB",32,104,7.9,NA,NA,NA,NA,NA,10,42.3,0.3,2.5,17.1,0.1,NA,0,0.2
"DARRENMCFADDEN","RB","Darren McFadden","OAK",32,104,7.9,NA,NA,NA,NA,NA,11.8,48.1,0.3,2,12.6,0.1,NA,0,0.2
"GOLDENTATE","WR","Golden Tate","DET",41,104,7.9,NA,NA,NA,NA,NA,0,0,0,4.9,61.5,0.3,NA,0,0.1
"MARTELLUSBENNETT","TE","Martellus Bennett","CHI",3,107,7.7,NA,NA,NA,NA,NA,0,0,0,4.7,54.3,0.4,NA,0,0
"KEENANALLEN","WR","Keenan Allen","SD",42,108,7.5,NA,NA,NA,NA,NA,0,0,0,5,55.7,0.4,NA,0,0.1
"ODELLBECKHAM","WR","Odell Beckham Jr.","NYG",43,109,7.4,NA,NA,NA,NA,NA,0,0,0,4.7,53.8,0.3,NA,0,0
"ROBERTWOODS","WR","Robert Woods","BUF",43,109,7.4,NA,NA,NA,NA,NA,0,0,0,4.2,55.9,0.3,NA,0,0.1
"MOHAMEDSANU","WR","Mohamed Sanu","CIN",45,111,7.2,NA,NA,NA,NA,NA,0,0,0,3.9,54.6,0.3,NA,0,0
"DEANDREHOPKINS","WR","DeAndre Hopkins","HOU",45,111,7.2,NA,NA,NA,NA,NA,0,0,0,4.2,56,0.3,NA,0,0.1
"BRANDENOLIVER","RB","Branden Oliver","SD",34,113,7.1,NA,NA,NA,NA,NA,9.5,34.8,0.4,1.6,11.2,0.1,NA,0,0.2
"JAMESJONES","WR","James Jones","OAK",47,114,7,NA,NA,NA,NA,NA,0,0,0,4,59.7,0.2,NA,0,0
"MICHAELFLOYD","WR","Michael Floyd","ARI",47,114,7,NA,NA,NA,NA,NA,0,0,0,3.3,48.8,0.4,NA,0,0
"GREGJENNINGS","WR","Greg Jennings","MIN",47,114,7,NA,NA,NA,NA,NA,0,0,0,3.5,56,0.2,NA,0,0.1
"KENDALLWRIGHT","WR","Kendall Wright","TEN",47,114,7,NA,NA,NA,NA,NA,0,0,0,4.7,54.6,0.3,NA,0,0.1
"JASONWITTEN","TE","Jason Witten","DAL",4,114,7,NA,NA,NA,NA,NA,0,0,0,4.6,52,0.3,NA,0,0.1
"MICHAELCRABTREE","WR","Michael Crabtree","SF",51,119,6.9,NA,NA,NA,NA,NA,0,0,0,4,48.3,0.4,NA,0,0
"JOHNBROWN","WR","John Brown","ARI",52,120,6.8,NA,NA,NA,NA,NA,0,0,0,4.1,50.9,0.3,NA,0,0
"TAVONAUSTIN","WR","Tavon Austin","STL",52,120,6.8,NA,NA,NA,NA,NA,1.5,9.1,0.1,3.7,39.9,0.2,NA,0,0
"SCOTTCHANDLER","TE","Scott Chandler","BUF",5,120,6.8,NA,NA,NA,NA,NA,0,0,0,4.2,47.3,0.4,NA,0,0.1
"JORDANMATTHEWS","WR","Jordan Matthews","PHI",54,123,6.7,NA,NA,NA,NA,NA,0,0,0,4,50,0.3,NA,0,0
"JORDANCAMERON","TE","Jordan Cameron","CLE",6,123,6.7,NA,NA,NA,NA,NA,0,0,0,4.3,49.5,0.3,NA,0,0
"DAVANTEADAMS","WR","Davante Adams","GB",55,125,6.6,NA,NA,NA,NA,NA,0,0,0,4,47.1,0.3,NA,0,0.1
"WESWELKER","WR","Wes Welker","DEN",56,126,6.5,NA,NA,NA,NA,NA,0,0,0,3.3,49.9,0.3,NA,0,0
"CECILSHORTS","WR","Cecil Shorts III","JAC",56,126,6.5,NA,NA,NA,NA,NA,0,0,0,4.5,51.7,0.2,NA,0,0.1
"PRESTONPARKER","WR","Preston Parker","NYG",56,126,6.5,NA,NA,NA,NA,NA,0,0,0,2.9,46.5,0.3,NA,0,0
"JERMAINEKEARSE","WR","Jermaine Kearse","SEA",59,129,6.4,NA,NA,NA,NA,NA,0,0,0,3.7,48.3,0.3,NA,0,0
"CORDARRELLEPATTERSON","WR","Cordarrelle Patterson","MIN",60,130,6.3,NA,NA,NA,NA,NA,1.4,7.8,0.1,3.5,39.6,0.2,NA,0,0
"CHRISHOGAN","WR","Chris Hogan","BUF",61,131,6.1,NA,NA,NA,NA,NA,0,0,0,3,42.4,0.3,NA,0,0
"PIERREGARCON","WR","Pierre Garcon","WAS",61,131,6.1,NA,NA,NA,NA,NA,0,0,0,4.2,47.7,0.2,NA,0,0
"JARVISLANDRY","WR","Jarvis Landry","MIA",63,133,6,NA,NA,NA,NA,NA,0,0,0,4.1,43.1,0.3,NA,0,0
"AUSTINSEFERIANJENKINS","TE","Austin Seferian-Jenkins","TB",7,133,6,NA,NA,NA,NA,NA,0,0,0,3.6,43.8,0.3,NA,0,0
"NATEWASHINGTON","WR","Nate Washington","TEN",64,135,5.8,NA,NA,NA,NA,NA,0,0,0,2.7,45.2,0.2,NA,0,0
"DELANIEWALKER","TE","Delanie Walker","TEN",8,135,5.8,NA,NA,NA,NA,NA,0,0,0,3.5,44.4,0.2,NA,0,0
"ANDREHOLMES","WR","Andre Holmes","OAK",65,137,5.7,NA,NA,NA,NA,NA,0,0,0,3.2,45.6,0.2,NA,0,0
"LARRYDONNELL","TE","Larry Donnell","NYG",9,137,5.7,NA,NA,NA,NA,NA,0,0,0,4.2,43,0.3,NA,0,0.1
"NILESPAUL","TE","Niles Paul","WAS",9,137,5.7,NA,NA,NA,NA,NA,0,0,0,4.1,44.4,0.2,NA,0,0
"VERNONDAVIS","TE","Vernon Davis","SF",9,137,5.7,NA,NA,NA,NA,NA,0,0,0,3.8,43.9,0.2,NA,0,0.1
"BENNYCUNNINGHAM","RB","Benny Cunningham","STL",35,141,5.6,NA,NA,NA,NA,NA,5.6,23.2,0.3,1.7,13.6,0.1,NA,0,0.1
"MILESAUSTIN","WR","Miles Austin","CLE",66,141,5.6,NA,NA,NA,NA,NA,0,0,0,3.1,40.9,0.3,NA,0,0
"KNILEDAVIS","RB","Knile Davis","KC",36,143,5.5,NA,NA,NA,NA,NA,8.1,28.1,0.3,1.6,8.6,0.1,NA,0,0.2
"JAREDCOOK","TE","Jared Cook","STL",12,143,5.5,NA,NA,NA,NA,NA,0,0,0,3.6,41,0.3,NA,0,0.1
"TRAVISKELCE","TE","Travis Kelce","KC",12,143,5.5,NA,NA,NA,NA,NA,0,0,0,3.2,39.8,0.3,NA,0,0.1
"BOBBYRAINEY","RB","Bobby Rainey","TB",37,146,5.4,NA,NA,NA,NA,NA,9,30.1,0.2,1.5,9.3,0.1,NA,0,0.2
"OWENDANIELS","TE","Owen Daniels","BAL",14,146,5.4,NA,NA,NA,NA,NA,0,0,0,3.4,37.5,0.3,NA,0,0.1
"JERMAINEGRESHAM","TE","Jermaine Gresham","CIN",14,146,5.4,NA,NA,NA,NA,NA,0,0,0,4,39.9,0.3,NA,0,0
"JULIUSTHOMAS","TE","Julius Thomas","DEN",14,146,5.4,NA,NA,NA,NA,NA,0,0,0,3.8,42.6,0.2,NA,0,0.1
"JAMESSTARKS","RB","James Starks","GB",38,150,5.3,NA,NA,NA,NA,NA,6.7,24.7,0.3,1.2,8.3,0.1,NA,0,0.1
"ANTONIOGATES","TE","Antonio Gates","SD",17,150,5.3,NA,NA,NA,NA,NA,0,0,0,3.1,36.3,0.3,NA,0,0
"ERICDECKER","WR","Eric Decker","NYJ",67,152,5.2,NA,NA,NA,NA,NA,0,0,0,3.4,40.7,0.2,NA,0,0
"CHARLESCLAY","TE","Charles Clay","MIA",18,152,5.2,NA,NA,NA,NA,NA,0,0,0,3.6,39.7,0.2,NA,0,0
"DONTEMONCRIEF","WR","Donte Moncrief","IND",68,154,5.1,NA,NA,NA,NA,NA,0,0,0,2.7,34.3,0.3,NA,0,0
"ALFREDBLUE","RB","Alfred Blue","HOU",39,155,5,NA,NA,NA,NA,NA,6.7,28.9,0.3,0.8,4.2,0,NA,0,0.1
"MATTASIATA","RB","Matt Asiata","MIN",39,155,5,NA,NA,NA,NA,NA,7.4,28.3,0.2,1.1,7.3,0.1,NA,0,0.1
"RILEYCOOPER","WR","Riley Cooper","PHI",69,155,5,NA,NA,NA,NA,NA,0,0,0,2.7,32.9,0.3,NA,0,0
"HARRYDOUGLAS","WR","Harry Douglas","ATL",69,155,5,NA,NA,NA,NA,NA,0,0,0,3.2,38.5,0.2,NA,0,0
"LOUISMURPHY","WR","Louis Murphy Jr.","TB",69,155,5,NA,NA,NA,NA,NA,0,0,0,2.6,34,0.3,NA,0,0
"SHANEVEREEN","RB","Shane Vereen","NE",41,160,4.9,NA,NA,NA,NA,NA,5.6,19.7,0.2,1.3,11.5,0.1,NA,0,0.1
"AJJENKINS","WR","A.J. Jenkins","KC",72,160,4.9,NA,NA,NA,NA,NA,0,0,0,2.4,33.2,0.3,NA,0,0
"ZACHERTZ","TE","Zach Ertz","PHI",19,162,4.8,NA,NA,NA,NA,NA,0,0,0,2.8,34.1,0.2,NA,0,0
"REGGIEBUSH","RB","Reggie Bush","DET",42,163,4.7,NA,NA,NA,NA,NA,5.5,20.7,0.2,1.4,13.5,0.1,NA,0,0.1
"BOOBIEDIXON","RB","Boobie Dixon","BUF",42,163,4.7,NA,NA,NA,NA,NA,9.3,29.9,0.2,0.7,4.2,0,NA,0,0.2
"ANDREROBERTS","WR","Andre Roberts","WAS",73,163,4.7,NA,NA,NA,NA,NA,0,0,0,3.1,35.2,0.2,NA,0,0
"CHARLESJOHNSON","WR","Charles Johnson","MIN",74,166,4.5,NA,NA,NA,NA,NA,0,0,0,2.7,32.4,0.2,NA,0,0.1
"MARQISELEE","WR","Marqise Lee","JAC",74,166,4.5,NA,NA,NA,NA,NA,0,0,0,3,34.4,0.2,NA,0,0
"JUSTINHUNTER","WR","Justin Hunter","TEN",74,166,4.5,NA,NA,NA,NA,NA,0,0,0,2.7,37,0.1,NA,0,0.1
"DWAYNEALLEN","TE","Dwayne Allen","IND",20,166,4.5,NA,NA,NA,NA,NA,0,0,0,2.9,32.5,0.2,NA,0,0
"COBYFLEENER","TE","Coby Fleener","IND",20,166,4.5,NA,NA,NA,NA,NA,0,0,0,2.3,27.4,0.3,NA,0,0
"MYCHALRIVERA","TE","Mychal Rivera","OAK",20,166,4.5,NA,NA,NA,NA,NA,0,0,0,3.3,34.6,0.2,NA,0,0
"ROBERTMEACHEM","WR","Robert Meachem","NO",77,172,4.4,NA,NA,NA,NA,NA,0,0,0,2.1,33,0.2,NA,0,0
"CHRISGIVENS","WR","Chris Givens","STL",77,172,4.4,NA,NA,NA,NA,NA,0,0,0,2.5,33.1,0.2,NA,0,0.1
"MARQUESSWILSON","WR","Marquess Wilson","CHI",79,174,4.3,NA,NA,NA,NA,NA,0,0,0,2.3,29,0.2,NA,0,0
"BRIANHARTLINE","WR","Brian Hartline","MIA",79,174,4.3,NA,NA,NA,NA,NA,0,0,0,2.5,30.8,0.2,NA,0,0.1
"LEVINETOILOLO","TE","Levine Toilolo","ATL",23,174,4.3,NA,NA,NA,NA,NA,0,0,0,3.1,33.9,0.2,NA,0,0.1
"JOHNCARLSON","TE","John Carlson","ARI",23,174,4.3,NA,NA,NA,NA,NA,0,0,0,2.9,32.3,0.2,NA,0,0
"JUWANTHOMPSON","RB","Juwan Thompson","DEN",44,178,4.2,NA,NA,NA,NA,NA,5.9,22.2,0.2,1.1,8,0,NA,0,0.2
"DANNYAMENDOLA","WR","Danny Amendola","NE",81,178,4.2,NA,NA,NA,NA,NA,0,0,0,2.1,33.2,0.2,NA,0,0
"BENJAMINWATSON","TE","Benjamin Watson","NO",25,178,4.2,NA,NA,NA,NA,NA,0,0,0,2.6,27.7,0.2,NA,0,0.1
"KYLERUDOLPH","TE","Kyle Rudolph","MIN",25,178,4.2,NA,NA,NA,NA,NA,0,0,0,2.9,32.4,0.2,NA,0,0.1
"DEXTERMCCLUSTER","RB","Dexter McCluster","TEN - R",45,182,4.1,NA,NA,NA,NA,NA,4.7,19.9,0.2,0.9,7,0.1,NA,0,0.1
"DEXTERMCCLUSTER","WR","Dexter McCluster","TEN - R",82,182,4.1,NA,NA,NA,NA,NA,4.7,19.9,0.2,0.9,7,0.1,NA,0,0.1
"STEVEJOHNSON","WR","Stevie Johnson","SF",83,184,4,NA,NA,NA,NA,NA,0,0,0,2,26.7,0.2,NA,0,0
"SANTONIOHOLMES","WR","Santonio Holmes","CHI",84,185,3.9,NA,NA,NA,NA,NA,0,0,0,1.4,25.7,0.2,NA,0,0
"MARLONBROWN","WR","Marlon Brown","BAL",84,185,3.9,NA,NA,NA,NA,NA,0,0,0,2.3,26.9,0.2,NA,0,0
"ANDREWQUARLESS","TE","Andrew Quarless","GB",27,185,3.9,NA,NA,NA,NA,NA,0,0,0,2.6,27.6,0.2,NA,0,0
"DANIELTHOMAS","RB","Daniel Thomas","MIA",46,188,3.8,NA,NA,NA,NA,NA,6.1,21.8,0.2,0.9,5,0,NA,0,0.1
"JUNIORHEMINGWAY","WR","Junior Hemingway","KC",86,188,3.8,NA,NA,NA,NA,NA,0,0,0,2,26.2,0.2,NA,0,0
"KADEEMCAREY","RB","Ka'Deem Carey","CHI",47,190,3.7,NA,NA,NA,NA,NA,5,19.2,0.2,0.5,3.8,0.1,NA,0,0.1
"DANIELHERRON","RB","Daniel Herron","IND",47,190,3.7,NA,NA,NA,NA,NA,6.2,22,0.3,0.2,0.6,0,NA,0,0.1
"TAYLORGABRIEL","WR","Taylor Gabriel","CLE",87,190,3.7,NA,NA,NA,NA,NA,0,0,0,1.5,25.4,0.2,NA,0,0
"JACQUIZZRODGERS","RB","Jacquizz Rodgers","ATL",49,193,3.5,NA,NA,NA,NA,NA,3.7,16.4,0.1,1.3,9.2,0,NA,0,0.1
"BRANDONTATE","WR","Brandon Tate","CIN",88,193,3.5,NA,NA,NA,NA,NA,0,0,0,2,24.8,0.2,NA,0,0
"MARCEDESLEWIS","TE","Marcedes Lewis","JAC",28,193,3.5,NA,NA,NA,NA,NA,0,0,0,2.6,28.4,0.1,NA,0,0
"GARRETTGRAHAM","TE","Garrett Graham","HOU",28,193,3.5,NA,NA,NA,NA,NA,0,0,0,2.7,27.2,0.1,NA,0,0
"ANDREWILLIAMS","RB","Andre Williams","NYG",50,197,3.4,NA,NA,NA,NA,NA,5.7,20.8,0.2,0.3,1.6,0,NA,0,0.1
"CHRISJOHNSON","RB","Chris Johnson","NYJ",50,197,3.4,NA,NA,NA,NA,NA,6.2,20.8,0.2,0.7,5.2,0,NA,0,0.1
"COLEBEASLEY","WR","Cole Beasley","DAL",89,197,3.4,NA,NA,NA,NA,NA,0,0,0,2.4,26.6,0.1,NA,0,0
"STEPFANTAYLOR","RB","Stepfan Taylor","ARI",52,200,3.3,NA,NA,NA,NA,NA,5.9,16.5,0.1,1.3,8.5,0,NA,0,0.1
"PAULRICHARDSON","WR","Paul Richardson","SEA",90,200,3.3,NA,NA,NA,NA,NA,0,0,0,2.2,25.1,0.1,NA,0,0
"JEREMYKERLEY","WR","Jeremy Kerley","NYJ",90,200,3.3,NA,NA,NA,NA,NA,0,0,0,1.8,24.8,0.1,NA,0,0
"DEVONTAFREEMAN","RB","Devonta Freeman","ATL",53,203,3.2,NA,NA,NA,NA,NA,4.1,19.6,0.2,0.2,0.9,0,NA,0,0.1
"DAMARISJOHNSON","WR","Damaris Johnson","HOU",92,203,3.2,NA,NA,NA,NA,NA,0,0,0,1.6,23.4,0.1,NA,0,0
"CARLOSHYDE","RB","Carlos Hyde","SF",54,205,3.1,NA,NA,NA,NA,NA,4.5,15,0.2,0.8,5.7,0,NA,0,0.1
"LUKEWILLSON","TE","Luke Willson","SEA",30,205,3.1,NA,NA,NA,NA,NA,0,0,0,2,24.5,0.1,NA,0,0
"LATAVIUSMURRAY","RB","Latavius Murray","OAK",55,207,3,NA,NA,NA,NA,NA,5.8,17.8,0.1,1.2,6.6,0.1,NA,0,0.2
"LANCEKENDRICKS","TE","Lance Kendricks","STL",31,207,3,NA,NA,NA,NA,NA,0,0,0,2.1,20.5,0.2,NA,0,0
"GAVINESCOBAR","TE","Gavin Escobar","DAL",31,207,3,NA,NA,NA,NA,NA,0,0,0,1.9,20.4,0.2,NA,0,0.1
"ANTHONYFASANO","TE","Anthony Fasano","KC",33,210,2.9,NA,NA,NA,NA,NA,0,0,0,1.9,19.3,0.2,NA,0,0
"JEREMYROSS","WR","Jeremy Ross","DET",93,211,2.8,NA,NA,NA,NA,NA,0,0,0,2.3,22.5,0.1,NA,0,0.1
"COREYWASHINGTON","WR","Corey Washington","NYG",93,211,2.8,NA,NA,NA,NA,NA,0,0,0,1.6,19.5,0.1,NA,0,0
"DEVINHESTER","WR","Devin Hester","ATL",93,211,2.8,NA,NA,NA,NA,NA,0,0,0,1.6,20.4,0.1,NA,0,0
"JACEAMARO","TE","Jace Amaro","NYJ",34,211,2.8,NA,NA,NA,NA,NA,0,0,0,2,22.2,0.1,NA,0,0
"TIMWRIGHT","TE","Tim Wright","NE",34,211,2.8,NA,NA,NA,NA,NA,0,0,0,1.6,18.3,0.2,NA,0,0
"BERNARDPIERCE","RB","Bernard Pierce","BAL",56,216,2.7,NA,NA,NA,NA,NA,4.7,14.9,0.1,0.8,4.3,0,NA,0,0.1
"KENBRELLTHOMPKINS","WR","Kenbrell Thompkins","OAK",96,216,2.7,NA,NA,NA,NA,NA,0,0,0,1.6,21.7,0.1,NA,0,0
"STEDMANBAILEY","WR","Stedman Bailey","STL",96,216,2.7,NA,NA,NA,NA,NA,0,0,0,1.4,18.5,0.1,NA,0,0
"HAKEEMNICKS","WR","Hakeem Nicks","IND",96,216,2.7,NA,NA,NA,NA,NA,0,0,0,1.6,19.6,0.1,NA,0,0
"ERICEBRON","TE","Eric Ebron","DET",36,216,2.7,NA,NA,NA,NA,NA,0,0,0,2.1,22,0.1,NA,0,0
"BRANDONPETTIGREW","TE","Brandon Pettigrew","DET",36,216,2.7,NA,NA,NA,NA,NA,0,0,0,2,20.8,0.1,NA,0,0
"BRENTCELEK","TE","Brent Celek","PHI",36,216,2.7,NA,NA,NA,NA,NA,0,0,0,2.1,18.3,0.2,NA,0,0
"JOSEPHRANDLE","RB","Joseph Randle","DAL",57,223,2.6,NA,NA,NA,NA,NA,3.5,15.5,0.2,0.1,0.6,0,NA,0,0.1
"SILASREDD","RB","Silas Redd Jr.","WAS",57,223,2.6,NA,NA,NA,NA,NA,4.3,14.8,0.1,0.6,3.5,0,NA,0,0.1
"SHONNGREENE","RB","Shonn Greene","TEN",59,225,2.4,NA,NA,NA,NA,NA,4.6,17.8,0.1,0,0.1,0,NA,0,0.1
"MAURICEJONESDREW","RB","Maurice Jones-Drew","OAK",59,225,2.4,NA,NA,NA,NA,NA,4.8,13.5,0.1,0.9,6.9,0,NA,0,0.1
"TOBYGERHART","RB","Toby Gerhart","JAC",61,227,2.3,NA,NA,NA,NA,NA,4.6,15.4,0.1,0.4,3.3,0,NA,0,0.1
"DWAYNEHARRIS","WR","Dwayne Harris","DAL",99,227,2.3,NA,NA,NA,NA,NA,0,0,0,0.9,13.8,0.2,NA,0,0
"BRICEBUTLER","WR","Brice Butler","OAK",99,227,2.3,NA,NA,NA,NA,NA,0,0,0,1.3,16.1,0.1,NA,0,0
"ROBERTTURBIN","RB","Robert Turbin","SEA",62,230,2.1,NA,NA,NA,NA,NA,3.4,10,0.1,0.9,6.8,0,NA,0,0.1
"CLAYHARBOR","TE","Clay Harbor","JAC",39,230,2.1,NA,NA,NA,NA,NA,0,0,0,1.5,14,0.1,NA,0,0
"KAMARAIKEN","WR","Kamar Aiken","BAL",101,232,2,NA,NA,NA,NA,NA,0,0,0,1.1,13.5,0.1,NA,0,0
"KHIRYROBINSON","RB","Khiry Robinson","NO",63,233,1.9,NA,NA,NA,NA,NA,2.4,8,0.1,0.6,3.1,0,NA,0,0.1
"DOUGMARTIN","RB","Doug Martin","TB",64,234,1.8,NA,NA,NA,NA,NA,3.6,10.9,0.1,0.4,4.1,0,NA,0,0.1
"CHRISPOLK","RB","Chris Polk","PHI",64,234,1.8,NA,NA,NA,NA,NA,2.3,10.6,0.1,0,0.2,0,NA,0,0
"MIKEWILLIAMS","WR","Mike Williams","BUF",102,234,1.8,NA,NA,NA,NA,NA,0,0,0,0.5,12.7,0.1,NA,0,0
"DEREKHAGAN","WR","Derek Hagan","TEN",103,237,1.7,NA,NA,NA,NA,NA,0,0,0,0.8,13,0.1,NA,0,0
"JARONBROWN","WR","Jaron Brown","ARI",103,237,1.7,NA,NA,NA,NA,NA,0,0,0,1.1,11.6,0.1,NA,0,0
"GREGLITTLE","WR","Greg Little","CIN",103,237,1.7,NA,NA,NA,NA,NA,0,0,0,0.9,11.3,0.1,NA,0,0
"DEREKCARRIER","TE","Derek Carrier","SF",40,237,1.7,NA,NA,NA,NA,NA,0,0,0,1.1,11.3,0.1,NA,0,0
"JARIUSWRIGHT","WR","Jarius Wright","MIN",106,241,1.6,NA,NA,NA,NA,NA,0,0,0,0.8,12.1,0.1,NA,0,0
"FRANKIEHAMMOND","WR","Frankie Hammond Jr.","KC",106,241,1.6,NA,NA,NA,NA,NA,0,0,0,0.8,11.1,0.1,NA,0,0
"BRANDONGIBSON","WR","Brandon Gibson","MIA",106,241,1.6,NA,NA,NA,NA,NA,0,0,0,1,11.5,0.1,NA,0,0
"ACESANDERS","WR","Ace Sanders","JAC",106,241,1.6,NA,NA,NA,NA,NA,0,0,0,1,12.1,0.1,NA,0,0
"LADARIUSGREEN","TE","Ladarius Green","SD",41,241,1.6,NA,NA,NA,NA,NA,0,0,0,0.9,9.3,0.1,NA,0,0
"DANIELFELLS","TE","Daniel Fells","NYG",41,241,1.6,NA,NA,NA,NA,NA,0,0,0,1,10.1,0.1,NA,0,0
"BRANDONMYERS","TE","Brandon Myers","TB",41,241,1.6,NA,NA,NA,NA,NA,0,0,0,1.1,10.9,0.1,NA,0,0
"ALDRICKROBINSON","WR","Aldrick Robinson","WAS",110,248,1.5,NA,NA,NA,NA,NA,0,0,0,0.5,10.1,0.1,NA,0,0
"MARCELREECE","RB","Marcel Reece","OAK",66,249,1.4,NA,NA,NA,NA,NA,1.4,6.2,0,0.4,4.4,0,NA,0,0
"LORENZOTALIAFERRO","RB","Lorenzo Taliaferro","BAL",67,250,1.3,NA,NA,NA,NA,NA,1.8,6.8,0.1,0.1,0.6,0,NA,0,0
"CHRISTINEMICHAEL","RB","Christine Michael","SEA",67,250,1.3,NA,NA,NA,NA,NA,2.4,7.3,0.1,0.3,2.1,0,NA,0,0.1
"ANDRECALDWELL","WR","Andre Caldwell","DEN",111,250,1.3,NA,NA,NA,NA,NA,0,0,0,0.6,9.2,0.1,NA,0,0
"RICARDOLOCKETTE","WR","Ricardo Lockette","SEA",111,250,1.3,NA,NA,NA,NA,NA,0,0,0,0.7,9.5,0.1,NA,0,0
"RICHARDRODGERS","TE","Richard Rodgers","GB",44,250,1.3,NA,NA,NA,NA,NA,0,0,0,0.7,9.6,0.1,NA,0,0
"CHASEFORD","TE","Chase Ford","MIN",44,250,1.3,NA,NA,NA,NA,NA,0,0,0,1,8.9,0.1,NA,0,0
"ROBHOUSLER","TE","Rob Housler","ARI",44,250,1.3,NA,NA,NA,NA,NA,0,0,0,0.8,8.3,0.1,NA,0,0
"BRYCEBROWN","RB","Bryce Brown","BUF",69,257,1.2,NA,NA,NA,NA,NA,1.7,5.1,0.1,0.4,2.5,0,NA,0,0
"JORDANTODMAN","RB","Jordan Todman","JAC",69,257,1.2,NA,NA,NA,NA,NA,1.7,6.8,0.1,0.2,1.4,0,NA,0,0.1
"GREGSALAS","WR","Greg Salas","NYJ",113,257,1.2,NA,NA,NA,NA,NA,0,0,0,0.5,8.1,0.1,NA,0,0
"JOSHHUFF","WR","Josh Huff","PHI",113,257,1.2,NA,NA,NA,NA,NA,0,0,0,0.7,8.6,0.1,NA,0,0
"COREYFULLER","WR","Corey Fuller","DET",113,257,1.2,NA,NA,NA,NA,NA,0,0,0,0.6,7.6,0.1,NA,0,0
"JACOBTAMME","TE","Jacob Tamme","DEN",47,257,1.2,NA,NA,NA,NA,NA,0,0,0,1,9.9,0,NA,0,0
"KYLEJUSZCZYK","RB","Kyle Juszczyk","BAL",71,263,1.1,NA,NA,NA,NA,NA,0.2,0.1,0,1.4,8.9,0,NA,0,0
"BRUCEMILLER","RB","Bruce Miller","SF",71,263,1.1,NA,NA,NA,NA,NA,0.3,0.2,0,1.3,8.1,0,NA,0,0
"KESHAWNMARTIN","WR","Keshawn Martin","HOU",116,263,1.1,NA,NA,NA,NA,NA,0,0,0,0.6,8.4,0.1,NA,0,0
"RYANGRANT","WR","Ryan Grant","WAS",116,263,1.1,NA,NA,NA,NA,NA,0,0,0,0.8,7.9,0.1,NA,0,0
"BRANDONLLOYD","WR","Brandon Lloyd","SF",116,263,1.1,NA,NA,NA,NA,NA,0,0,0,0.4,6.3,0.1,NA,0,0
"DIONSIMS","TE","Dion Sims","MIA",48,263,1.1,NA,NA,NA,NA,NA,0,0,0,0.8,7.6,0.1,NA,0,0
"RUSSELLSHEPARD","WR","Russell Shepard","TB",119,269,1,NA,NA,NA,NA,NA,0,0,0,0.6,7.5,0.1,NA,0,0
"JEFFCUMBERLAND","TE","Jeff Cumberland","NYJ",49,269,1,NA,NA,NA,NA,NA,0,0,0,0.8,8.2,0,NA,0,0
"DONALDBROWN","RB","Donald Brown","SD",73,271,0.9,NA,NA,NA,NA,NA,0.6,2.2,0,0.3,2.5,0,NA,0,0
"VINCENTBROWN","WR","Vincent Brown","OAK",120,271,0.9,NA,NA,NA,NA,NA,0,0,0,0.4,6.6,0.1,NA,0,0
"COOPERHELFET","TE","Cooper Helfet","SEA",50,271,0.9,NA,NA,NA,NA,NA,0,0,0,0.7,6.7,0,NA,0,0
"DAMIENWILLIAMS","RB","Damien Williams","MIA",74,274,0.8,NA,NA,NA,NA,NA,1.3,4.8,0,0.3,1.8,0,NA,0,0
"CHRISGIVENS","WR","Chris Givens","NO",121,274,0.8,NA,NA,NA,NA,NA,0,0,0,0.6,6.1,0,NA,0,0
"DEANTHONYTHOMAS","RB","De'Anthony Thomas","KC",75,276,0.7,NA,NA,NA,NA,NA,1.3,3.5,0,0.1,0.9,0,NA,0,0
"ANTHONYSHERMAN","RB","Anthony Sherman","KC",75,276,0.7,NA,NA,NA,NA,NA,0.2,0.1,0,0.8,4.8,0,NA,0,0
"SEYIAJIROTUTU","WR","Seyi Ajirotutu","SD",122,276,0.7,NA,NA,NA,NA,NA,0,0,0,0.4,5.5,0,NA,0,0
"JAMESDEVELIN","RB","James Develin","NE",77,279,0.6,NA,NA,NA,NA,NA,0.2,0.1,0,0.8,4.5,0,NA,0,0
"JARRETTBOYKIN","WR","Jarrett Boykin","GB",123,279,0.6,NA,NA,NA,NA,NA,0,0,0,0.3,3.8,0,NA,0,0
"TEDGINN","WR","Ted Ginn Jr.","ARI",123,279,0.6,NA,NA,NA,NA,NA,0,0,0,0.2,4.2,0,NA,0,0
"RISHARDMATTHEWS","WR","Rishard Matthews","MIA",123,279,0.6,NA,NA,NA,NA,NA,0,0,0,0.3,3.6,0,NA,0,0
"THEORIDDICK","RB","Theo Riddick","DET",78,283,0.5,NA,NA,NA,NA,NA,0.6,2,0,0.1,1,0,NA,0,0
"JOHNKUHN","RB","John Kuhn","GB",78,283,0.5,NA,NA,NA,NA,NA,0.2,0.3,0,0.8,3.7,0,NA,0,0
"KAPRIBIBBS","RB","Kapri Bibbs","DEN",78,283,0.5,NA,NA,NA,NA,NA,0.8,2.3,0,0,0.2,0,NA,0,0
"JEFFMAEHL","WR","Jeff Maehl","PHI",126,283,0.5,NA,NA,NA,NA,NA,0,0,0,0.2,2.5,0,NA,0,0
"NICKTOON","WR","Nick Toon","NO",126,283,0.5,NA,NA,NA,NA,NA,0,0,0,0.1,2.9,0,NA,0,0
"MATTHEWSLATER","WR","Matthew Slater","NE",126,283,0.5,NA,NA,NA,NA,NA,0,0,0,0.1,2.7,0,NA,0,0
"BILALPOWELL","RB","Bilal Powell","NYJ",81,289,0.4,NA,NA,NA,NA,NA,0.7,2.1,0,0,0.2,0,NA,0,0
"DERRICKJOHNSON","WR","Derrick Johnson","NE",129,289,0.4,NA,NA,NA,NA,NA,0,0,0,0.1,2.2,0,NA,0,0
"ERICWEEMS","WR","Eric Weems","ATL",129,289,0.4,NA,NA,NA,NA,NA,0,0,0,0.3,2.8,0,NA,0,0
"TORRENCEALLEN","WR","Torrence Allen","SD",129,289,0.4,NA,NA,NA,NA,NA,0.1,0.2,0,0.2,2.6,0,NA,0,0
"MIKEBROWN","WR","Mike Brown","JAC",129,289,0.4,NA,NA,NA,NA,NA,0,0,0,0.2,2.5,0,NA,0,0
"TRAVISBENJAMIN","WR","Travis Benjamin","CLE",129,289,0.4,NA,NA,NA,NA,NA,0,0,0,0.2,2.6,0,NA,0,0
"DONTRELLEINMAN","WR","Dontrelle Inman","SD",129,289,0.4,NA,NA,NA,NA,NA,0,0,0,0.2,1.8,0,NA,0,0
"DAMIANWILLIAMS","WR","Damian Williams","STL",129,289,0.4,NA,NA,NA,NA,NA,0,0,0,0.1,2.6,0,NA,0,0
"KEVINOGLETREE","WR","Kevin Ogletree","NYG",129,289,0.4,NA,NA,NA,NA,NA,0,0,0,0.1,2.4,0,NA,0,0
"MARIONGRICE","RB","Marion Grice","ARI",82,298,0.3,NA,NA,NA,NA,NA,0.8,1.6,0,0.1,0.2,0,NA,0,0
"ZACSTACY","RB","Zac Stacy","STL",82,298,0.3,NA,NA,NA,NA,NA,0.4,1.1,0,0.2,0.7,0,NA,0,0
"DUJUANHARRIS","RB","DuJuan Harris","GB",82,298,0.3,NA,NA,NA,NA,NA,0.6,1.8,0,0,0,0,NA,0,0
"JACOBYJONES","WR","Jacoby Jones","BAL",137,298,0.3,NA,NA,NA,NA,NA,0,0,0,0.1,2,0,NA,0,0
"JOSHMORGAN","WR","Josh Morgan","CHI",137,298,0.3,NA,NA,NA,NA,NA,0,0,0,0.2,1.6,0,NA,0,0
"DEVIERPOSEY","WR","DeVier Posey","HOU",137,298,0.3,NA,NA,NA,NA,NA,0,0,0,0.1,2.2,0,NA,0,0
"GRIFFWHALEN","WR","Griff Whalen","IND",137,298,0.3,NA,NA,NA,NA,NA,0,0,0,0.1,1.9,0,NA,0,0
"ALBERTWILSON","WR","Albert Wilson","KC",137,298,0.3,NA,NA,NA,NA,NA,0,0,0,0.1,1.6,0,NA,0,0
"DANESANZENBACHER","WR","Dane Sanzenbacher","CIN",137,298,0.3,NA,NA,NA,NA,NA,0,0,0,0.1,1.4,0,NA,0,0
"LEONWASHINGTON","RB","Leon Washington","TEN",85,307,0.2,NA,NA,NA,NA,NA,0.5,1.2,0,0,0,0,NA,0,0
"REXBURKHEAD","RB","Rex Burkhead","CIN",85,307,0.2,NA,NA,NA,NA,NA,0.4,0.9,0,0.1,0.3,0,NA,0,0
"TONYWASHINGTON","WR","Tony Washington","JAC",143,307,0.2,NA,NA,NA,NA,NA,0,0.1,0,0.1,1,0,NA,0,0
"KEVINNORWOOD","WR","Kevin Norwood","SEA",143,307,0.2,NA,NA,NA,NA,NA,0,0,0,0.1,1.4,0,NA,0,0
"JAZREYNOLDS","WR","Jaz Reynolds","TEN",143,307,0.2,NA,NA,NA,NA,NA,0,0.3,0,0,0.9,0,NA,0,0
"JAMAINESHERMAN","WR","Jamaine Sherman","STL",143,307,0.2,NA,NA,NA,NA,NA,0,0.2,0,0.1,1.3,0,NA,0,0
"SANTANAMOSS","WR","Santana Moss","WAS",143,307,0.2,NA,NA,NA,NA,NA,0,0,0,0.1,1.4,0,NA,0,0
"TOBAISPALMER","WR","Tobais Palmer","NO",143,307,0.2,NA,NA,NA,NA,NA,0,0,0,0.1,1.2,0,NA,0,0
"JEFFJANIS","WR","Jeff Janis","GB",143,307,0.2,NA,NA,NA,NA,NA,0,0,0,0.1,0.9,0,NA,0,0
"BRADSMITH","WR","Brad Smith","PHI",143,307,0.2,NA,NA,NA,NA,NA,0,0,0,0,0.9,0,NA,0,0
"SENORISEPERRY","RB","Senorise Perry","CHI",87,317,0.1,NA,NA,NA,NA,NA,0.3,0.8,0,0,0,0,NA,0,0
"LANCEDUNBAR","RB","Lance Dunbar","DAL",87,317,0.1,NA,NA,NA,NA,NA,0.2,0.7,0,0,0,0,NA,0,0
"JONATHANGRIMES","RB","Jonathan Grimes","HOU",87,317,0.1,NA,NA,NA,NA,NA,0.2,0.7,0,0,0.1,0,NA,0,0
"MIKEJAMES","RB","Mike James","TB",87,317,0.1,NA,NA,NA,NA,NA,0.2,0.5,0,0,0.1,0,NA,0,0
"ERIKLORIG","RB","Erik Lorig","NO",87,317,0.1,NA,NA,NA,NA,NA,0.1,0,0,0.1,0.4,0,NA,0,0
"PATRICKDIMARCO","RB","Patrick DiMarco","ATL",87,317,0.1,NA,NA,NA,NA,NA,0.3,0.4,0,0.1,0.3,0,NA,0,0
"WILLTAUFOOU","RB","Will Ta'ufo'ou","JAC",87,317,0.1,NA,NA,NA,NA,NA,0.2,0.4,0,0.1,0.3,0,NA,0,0
"RAYAGNEW","RB","Ray Agnew","CLE",87,317,0.1,NA,NA,NA,NA,NA,0.4,0.3,0,0.1,0.2,0,NA,0,0
"JAYPROSCH","RB","Jay Prosch","HOU",87,317,0.1,NA,NA,NA,NA,NA,0.2,0.2,0,0,0.1,0,NA,0,0
"JOEBANYARD","RB","Joe Banyard","MIN",87,317,0.1,NA,NA,NA,NA,NA,0.2,0.6,0,0,0,0,NA,0,0
"DARRELYOUNG","RB","Darrel Young","WAS",87,317,0.1,NA,NA,NA,NA,NA,0.2,0,0,0.1,0.3,0,NA,0,0
"JORDANLYNCH","QB","Jordan Lynch","CHI",31,328,0,0,0,0,0,0,0,0,0,NA,NA,NA,NA,0,0
"CHADHENNE","QB","Chad Henne","JAC",31,328,0,0,0,0,0,0,0,0,0,NA,NA,NA,NA,0,0
"JAKELOCKER","QB","Jake Locker","TEN",31,328,0,0,0,0,0,0,0,0,0,NA,NA,NA,NA,0,0
"JOHNNYMANZIEL","QB","Johnny Manziel","CLE",31,328,0,0,0,0,0,0,0,0,0,NA,NA,NA,NA,0,0
"RYANFITZPATRICK","QB","Ryan Fitzpatrick","HOU",31,328,0,0,0,0,0,0,0,0,0,NA,NA,NA,NA,0,0
"KIRKCOUSINS","QB","Kirk Cousins","WAS",31,328,0,0,0,0,0,0,0,0,0,NA,NA,NA,NA,0,0
"AUSTINDAVIS","QB","Austin Davis","STL",31,328,0,0,0,0,0,0,0,0,0,NA,NA,NA,NA,0,0
"JEDCOLLINS","RB","Jed Collins","DET",98,328,0,NA,NA,NA,NA,NA,0.1,0,0,0,0.2,0,NA,0,0
"GLENNWINSTON","RB","Glenn Winston","CLE",98,328,0,NA,NA,NA,NA,NA,0.6,0.4,0,0,0,0,NA,0,0
"TYLERCLUTTS","RB","Tyler Clutts","DAL",98,328,0,NA,NA,NA,NA,NA,0.2,0.1,0,0,0.2,0,NA,0,0
"TYLERBRAY","QB","Tyler Bray","KC",38,338,NA,NA,NA,NA,NA,NA,NA,NA,NA,NA,NA,NA,NA,NA,NA
"MIKEGLENNON","QB","Mike Glennon","TB",39,339,NA,NA,NA,NA,NA,NA,NA,NA,NA,NA,NA,NA,NA,NA,NA
"JORDANRODGERS","QB","Jordan Rodgers","MIA",40,340,NA,NA,NA,NA,NA,NA,NA,NA,NA,NA,NA,NA,NA,NA,NA
"SEANRENFREE","QB","Sean Renfree","ATL",41,341,NA,NA,NA,NA,NA,NA,NA,NA,NA,NA,NA,NA,NA,NA,NA
"ALEXTANNEY","QB","Alex Tanney","TB",42,342,NA,NA,NA,NA,NA,NA,NA,NA,NA,NA,NA,NA,NA,NA,NA
"BRADYQUINN","QB","Brady Quinn","MIA",43,343,NA,NA,NA,NA,NA,NA,NA,NA,NA,NA,NA,NA,NA,NA,NA
"TAJHBOYD","QB","Tajh Boyd","NYJ",44,344,NA,NA,NA,NA,NA,NA,NA,NA,NA,NA,NA,NA,NA,NA,NA
"EJMANUEL","QB","EJ Manuel","BUF",45,345,NA,NA,NA,NA,NA,NA,NA,NA,NA,NA,NA,NA,NA,NA,NA
"MATTBLANCHARD","QB","Matt Blanchard","CAR",46,346,NA,NA,NA,NA,NA,NA,NA,NA,NA,NA,NA,NA,NA,NA,NA
"BLAINEGABBERT","QB","Blaine Gabbert","SF",47,347,NA,NA,NA,NA,NA,NA,NA,NA,NA,NA,NA,NA,NA,NA,NA
"ZACDYSERT","QB","Zac Dysert","DEN",48,348,NA,NA,NA,NA,NA,NA,NA,NA,NA,NA,NA,NA,NA,NA,NA
"MATTMCGLOIN","QB","Matt McGloin","OAK",49,349,NA,NA,NA,NA,NA,NA,NA,NA,NA,NA,NA,NA,NA,NA,NA
