"name","pos","name_nfl","team_nfl","positionRank_nfl","overallRank_nfl","pts_nfl","passAtt_nfl","passComp_nfl","passYds_nfl","passTds_nfl","passInt_nfl","rushAtt_nfl","rushYds_nfl","rushTds_nfl","rec_nfl","recYds_nfl","recTds_nfl","returnTds_nfl","twoPts_nfl","fumbles_nfl"
"AARONRODGERS","QB","Aaron Rodgers","GB",1,1,26.24,NA,NA,361,3,1,NA,18,0,NA,0,0,NA,0,0
"PEYTONMANNING","QB","Peyton Manning","DEN",2,2,24.38,NA,NA,362,3,1,NA,-1,0,NA,0,0,NA,0,0
"TOMBRADY","QB","Tom Brady","NE",3,3,22.9,NA,NA,315,3,1,NA,3,0,NA,0,0,NA,0,0
"EDDIELACY","RB","Eddie Lacy","GB",1,4,21.9,NA,NA,0,0,0,NA,121,1,NA,38,0,NA,0,0
"CARSONPALMER","QB","Carson Palmer","ARI",4,5,20.44,NA,NA,351,2,1,NA,4,0,NA,0,0,NA,0,0
"ANDREWLUCK","QB","Andrew Luck","IND",5,6,20.38,NA,NA,317,2,1,NA,17,0,NA,0,0,NA,0,0
"CAMNEWTON","QB","Cam Newton","CAR",6,7,19.7,NA,NA,210,1,1,NA,33,1,NA,0,0,NA,0,0
"MATTFORTE","RB","Matt Forte","CHI",2,8,19.5,NA,NA,0,0,0,NA,90,1,NA,45,0,NA,0,0
"MATTRYAN","QB","Matt Ryan","ATL",7,9,19.46,NA,NA,319,2,1,NA,7,0,NA,0,0,NA,0,0
"MATTHEWSTAFFORD","QB","Matthew Stafford","DET",8,10,18.88,NA,NA,307,2,1,NA,6,0,NA,0,0,NA,0,0
"DREWBREES","QB","Drew Brees","NO",9,11,18.86,NA,NA,314,2,1,NA,3,0,NA,0,0,NA,0,0
"ADRIANPETERSON","RB","Adrian Peterson","MIN",3,12,18.6,NA,NA,0,0,0,NA,109,1,NA,17,0,NA,0,0
"RYANTANNEHILL","QB","Ryan Tannehill","MIA",10,13,18.42,NA,NA,263,2,1,NA,19,0,NA,0,0,NA,0,0
"TONYROMO","QB","Tony Romo","DAL",11,14,18.16,NA,NA,294,2,1,NA,4,0,NA,0,0,NA,0,0
"BENROETHLISBERGER","QB","Ben Roethlisberger","PIT",12,15,17.8,NA,NA,290,2,1,NA,2,0,NA,0,0,NA,0,0
"ODELLBECKHAM","WR","Odell Beckham","NYG",1,16,17.5,NA,NA,0,0,0,NA,5,0,NA,110,1,NA,0,0
"AJGREEN","WR","A.J. Green","CIN",2,17,17.4,NA,NA,0,0,0,NA,2,0,NA,112,1,NA,0,0
"SAMBRADFORD","QB","Sam Bradford","PHI",13,18,17.16,NA,NA,269,2,1,NA,4,0,NA,0,0,NA,0,0
"PHILIPRIVERS","QB","Philip Rivers","SD",14,19,16.96,NA,NA,269,2,1,NA,2,0,NA,0,0,NA,0,0
"DEZBRYANT","WR","Dez Bryant","DAL",3,20,16.9,NA,NA,0,0,0,NA,0,0,NA,109,1,NA,0,0
"ANDYDALTON","QB","Andy Dalton","CIN",15,21,16.6,NA,NA,240,2,1,NA,10,0,NA,0,0,NA,0,0
"JOEFLACCO","QB","Joe Flacco","BAL",16,22,16.36,NA,NA,249,2,1,NA,4,0,NA,0,0,NA,0,0
"ALEXSMITH","QB","Alex Smith","KC",17,23,16.32,NA,NA,223,2,1,NA,14,0,NA,0,0,NA,0,0
"JULIOJONES","WR","Julio Jones","ATL",4,24,16.3,NA,NA,0,0,0,NA,1,0,NA,102,1,NA,0,0
"JAMAALCHARLES","RB","Jamaal Charles","KC",4,25,16.2,NA,NA,0,0,0,NA,76,1,NA,26,0,NA,0,0
"ANTONIOBROWN","WR","Antonio Brown","PIT",5,25,16.2,NA,NA,0,0,0,NA,2,0,NA,100,1,NA,0,0
"RANDALLCOBB","WR","Randall Cobb","GB P",5,25,16.2,NA,NA,0,0,0,NA,7,0,NA,95,1,NA,0,0
"DEMARYIUSTHOMAS","WR","Demaryius Thomas","DEN",5,25,16.2,NA,NA,0,0,0,NA,0,0,NA,102,1,NA,0,0
"TEDDYBRIDGEWATER","QB","Teddy Bridgewater","MIN",18,29,16.14,NA,NA,211,2,1,NA,17,0,NA,0,0,NA,0,0
"ELIMANNING","QB","Eli Manning","NYG",19,30,16.1,NA,NA,250,2,1,NA,1,0,NA,0,0,NA,0,0
"JAYCUTLER","QB","Jay Cutler","CHI",20,31,15.86,NA,NA,224,2,1,NA,9,0,NA,0,0,NA,0,0
"ANDREELLINGTON","RB","Andre Ellington","ARI",5,32,15.8,NA,NA,0,0,0,NA,70,1,NA,28,0,NA,0,0
"ALFREDMORRIS","RB","Alfred Morris","WAS",6,33,15.2,NA,NA,0,0,0,NA,83,1,NA,9,0,NA,0,0
"RYANFITZPATRICK","QB","Ryan Fitzpatrick","NYJ",21,34,15.04,NA,NA,206,2,1,NA,8,0,NA,0,0,NA,0,0
"CALVINJOHNSON","WR","Calvin Johnson","DET",8,35,15,NA,NA,0,0,0,NA,0,0,NA,90,1,NA,0,0
"EMMANUELSANDERS","WR","Emmanuel Sanders","DEN",9,36,14.8,NA,NA,0,0,0,NA,2,0,NA,86,1,NA,0,0
"RASHADJENNINGS","RB","Rashad Jennings","NYG",7,37,14.6,NA,NA,0,0,0,NA,66,1,NA,20,0,NA,0,0
"JAMEISWINSTON","QB","Jameis Winston","TB",22,38,14.54,NA,NA,196,2,1,NA,7,0,NA,0,0,NA,0,0
"RUSSELLWILSON","QB","Russell Wilson","SEA",23,39,14.46,NA,NA,214,1,1,NA,39,0,NA,0,0,NA,0,0
"CJANDERSON","RB","C.J. Anderson","DEN",8,40,14.4,NA,NA,0,0,0,NA,64,1,NA,20,0,NA,0,0
"ALSHONJEFFERY","WR","Alshon Jeffery","CHI",10,40,14.4,NA,NA,0,0,0,NA,2,0,NA,82,1,NA,0,0
"JEREMYHILL","RB","Jeremy Hill","CIN",9,42,14.3,NA,NA,0,0,0,NA,70,1,NA,13,0,NA,0,0
"DEMARCOMURRAY","RB","DeMarco Murray","PHI",10,43,14.2,NA,NA,0,0,0,NA,83,1,NA,19,0,NA,0,1
"MIKEEVANS","WR","Mike Evans","TB Q",11,44,14.1,NA,NA,0,0,0,NA,0,0,NA,81,1,NA,0,0
"TYHILTON","WR","T.Y. Hilton","IND",12,45,14,NA,NA,0,0,0,NA,2,0,NA,78,1,NA,0,0
"KEENANALLEN","WR","Keenan Allen","SD",13,46,13.9,NA,NA,0,0,0,NA,0,0,NA,79,1,NA,0,0
"JORDANMATTHEWS","WR","Jordan Matthews","PHI",13,46,13.9,NA,NA,0,0,0,NA,0,0,NA,79,1,NA,0,0
"ROBGRONKOWSKI","TE","Rob Gronkowski","NE",1,46,13.9,NA,NA,0,0,0,NA,0,0,NA,79,1,NA,0,0
"AMARICOOPER","WR","Amari Cooper","OAK",15,49,13.8,NA,NA,0,0,0,NA,0,0,NA,78,1,NA,0,0
"BRANDINCOOKS","WR","Brandin Cooks","NO",16,50,13.7,NA,NA,0,0,0,NA,8,0,NA,69,1,NA,0,0
"ALFREDBLUE","RB","Alfred Blue","HOU",11,51,13.6,NA,NA,0,0,0,NA,64,1,NA,12,0,NA,0,0
"FRANKGORE","RB","Frank Gore","IND",11,51,13.6,NA,NA,0,0,0,NA,63,1,NA,13,0,NA,0,0
"MIKEWALLACE","WR","Mike Wallace","MIN",17,51,13.6,NA,NA,0,0,0,NA,2,0,NA,74,1,NA,0,0
"RYANMATHEWS","RB","Ryan Mathews","PHI",13,54,13.5,NA,NA,0,0,0,NA,59,1,NA,16,0,NA,0,0
"LAMARMILLER","RB","Lamar Miller","MIA",13,54,13.5,NA,NA,0,0,0,NA,62,1,NA,13,0,NA,0,0
"LARRYFITZGERALD","WR","Larry Fitzgerald","ARI",18,54,13.5,NA,NA,0,0,0,NA,0,0,NA,75,1,NA,0,0
"JIMMYGRAHAM","TE","Jimmy Graham","SEA",2,54,13.5,NA,NA,0,0,0,NA,0,0,NA,75,1,NA,0,0
"DOUGMARTIN","RB","Doug Martin","TB",15,58,13.4,NA,NA,0,0,0,NA,65,1,NA,9,0,NA,0,0
"LESEANMCCOY","RB","LeSean McCoy","BUF",15,58,13.4,NA,NA,0,0,0,NA,62,1,NA,12,0,NA,0,0
"DARRENSPROLES","RB","Darren Sproles","PHI",15,58,13.4,NA,NA,0,0,0,NA,32,1,NA,42,0,NA,0,0
"MARQUESCOLSTON","WR","Marques Colston","NO",19,58,13.4,NA,NA,0,0,0,NA,0,0,NA,74,1,NA,0,0
"MARKUSWHEATON","WR","Markus Wheaton","PIT",19,58,13.4,NA,NA,0,0,0,NA,2,0,NA,72,1,NA,0,0
"MARSHAWNLYNCH","RB","Marshawn Lynch","SEA",18,63,13.3,NA,NA,0,0,0,NA,60,1,NA,13,0,NA,0,0
"CHRISIVORY","RB","Chris Ivory","NYJ",19,64,13.2,NA,NA,0,0,0,NA,63,1,NA,9,0,NA,0,0
"DEVINFUNCHESS","WR","Devin Funchess","CAR",21,64,13.2,NA,NA,0,0,0,NA,0,0,NA,72,1,NA,0,0
"JULIANEDELMAN","WR","Julian Edelman","NE",22,66,13,NA,NA,0,0,0,NA,2,0,NA,68,1,NA,0,0
"DEANDREHOPKINS","WR","DeAndre Hopkins","HOU",23,67,12.9,NA,NA,0,0,0,NA,0,0,NA,69,1,NA,0,0
"BRANDONMARSHALL","WR","Brandon Marshall","NYJ",23,67,12.9,NA,NA,0,0,0,NA,0,0,NA,69,1,NA,0,0
"ERICDECKER","WR","Eric Decker","NYJ",25,69,12.8,NA,NA,0,0,0,NA,0,0,NA,68,1,NA,0,0
"COLINKAEPERNICK","QB","Colin Kaepernick","SF",24,70,12.78,NA,NA,187,1,1,NA,33,0,NA,0,0,NA,0,0
"ALLENROBINSON","WR","Allen Robinson","JAC",26,71,12.7,NA,NA,0,0,0,NA,0,0,NA,67,1,NA,0,0
"SAMMYWATKINS","WR","Sammy Watkins","BUF",27,72,12.6,NA,NA,0,0,0,NA,2,0,NA,64,1,NA,0,0
"ZACHERTZ","TE","Zach Ertz","PHI",3,72,12.6,NA,NA,0,0,0,NA,0,0,NA,66,1,NA,0,0
"LATAVIUSMURRAY","RB","Latavius Murray","OAK",20,74,12.4,NA,NA,0,0,0,NA,56,1,NA,8,0,NA,0,0
"TJYELDON","RB","T.J. Yeldon","JAC",20,74,12.4,NA,NA,0,0,0,NA,70,1,NA,14,0,NA,0,1
"JEREMYMACLIN","WR","Jeremy Maclin","KC",28,74,12.4,NA,NA,0,0,0,NA,0,0,NA,64,1,NA,0,0
"MARKINGRAM","RB","Mark Ingram","NO",22,77,12.3,NA,NA,0,0,0,NA,55,1,NA,8,0,NA,0,0
"KENNYSTILLS","WR","Kenny Stills","MIA",29,78,12.2,NA,NA,0,0,0,NA,0,0,NA,62,1,NA,0,0
"JORDANCAMERON","TE","Jordan Cameron","MIA",4,78,12.2,NA,NA,0,0,0,NA,0,0,NA,62,1,NA,0,0
"JUSTINFORSETT","RB","Justin Forsett","BAL",23,80,12.1,NA,NA,0,0,0,NA,48,1,NA,13,0,NA,0,0
"JOSHMCCOWN","QB","Josh McCown","CLE",25,81,12.06,NA,NA,224,1,1,NA,11,0,NA,0,0,NA,0,0
"MELVINGORDON","RB","Melvin Gordon","SD",24,82,12,NA,NA,0,0,0,NA,52,1,NA,8,0,NA,0,0
"TORREYSMITH","WR","Torrey Smith","SF",30,82,12,NA,NA,0,0,0,NA,0,0,NA,60,1,NA,0,0
"SHANEVEREEN","RB","Shane Vereen","NYG",25,84,11.9,NA,NA,0,0,0,NA,27,1,NA,32,0,NA,0,0
"JARVISLANDRY","WR","Jarvis Landry","MIA",31,84,11.9,NA,NA,0,0,0,NA,2,0,NA,57,1,NA,0,0
"GOLDENTATE","WR","Golden Tate","DET",31,84,11.9,NA,NA,0,0,0,NA,2,0,NA,57,1,NA,0,0
"RODDYWHITE","WR","Roddy White","ATL",31,84,11.9,NA,NA,0,0,0,NA,0,0,NA,59,1,NA,0,0
"BLAKEBORTLES","QB","Blake Bortles","JAC",26,88,11.82,NA,NA,193,1,1,NA,21,0,NA,0,0,NA,0,0
"NELSONAGHOLOR","WR","Nelson Agholor","PHI",34,89,11.8,NA,NA,0,0,0,NA,0,0,NA,58,1,NA,0,0
"HARRYDOUGLAS","WR","Harry Douglas","TEN",34,89,11.8,NA,NA,0,0,0,NA,0,0,NA,58,1,NA,0,0
"KYLERUDOLPH","TE","Kyle Rudolph","MIN",5,89,11.8,NA,NA,0,0,0,NA,0,0,NA,58,1,NA,0,0
"MICHAELCRABTREE","WR","Michael Crabtree","OAK",36,92,11.7,NA,NA,0,0,0,NA,0,0,NA,57,1,NA,0,0
"JOSEPHRANDLE","RB","Joseph Randle","DAL",26,93,11.6,NA,NA,0,0,0,NA,47,1,NA,9,0,NA,0,0
"ANQUANBOLDIN","WR","Anquan Boldin","SF",37,93,11.6,NA,NA,0,0,0,NA,0,0,NA,56,1,NA,0,0
"LARRYDONNELL","TE","Larry Donnell","NYG",6,93,11.6,NA,NA,0,0,0,NA,0,0,NA,56,1,NA,0,0
"ISAIAHCROWELL","RB","Isaiah Crowell","CLE",27,96,11.5,NA,NA,0,0,0,NA,47,1,NA,8,0,NA,0,0
"PIERREGARCON","WR","Pierre Garcon","WAS",38,96,11.5,NA,NA,0,0,0,NA,0,0,NA,55,1,NA,0,0
"MICHAELFLOYD","WR","Michael Floyd","ARI",39,98,11.4,NA,NA,0,0,0,NA,0,0,NA,54,1,NA,0,0
"TRAVISKELCE","TE","Travis Kelce","KC P",7,98,11.4,NA,NA,0,0,0,NA,0,0,NA,54,1,NA,0,0
"BRIANHOYER","QB","Brian Hoyer","HOU",27,100,11.34,NA,NA,226,1,1,NA,3,0,NA,0,0,NA,0,0
"JOHNBROWN","WR","John Brown","ARI",40,101,11.3,NA,NA,0,0,0,NA,0,0,NA,53,1,NA,0,0
"VINCENTJACKSON","WR","Vincent Jackson","TB",40,101,11.3,NA,NA,0,0,0,NA,0,0,NA,53,1,NA,0,0
"CHARLESJOHNSON","WR","Charles Johnson","MIN",40,101,11.3,NA,NA,0,0,0,NA,2,0,NA,51,1,NA,0,0
"TEVINCOLEMAN","RB","Tevin Coleman","ATL",28,104,11.1,NA,NA,0,0,0,NA,45,1,NA,6,0,NA,0,0
"DEANTHONYTHOMAS","RB","De'Anthony Thomas","KC P",28,104,11.1,NA,NA,0,0,0,NA,24,0,NA,27,1,NA,0,0
"DELANIEWALKER","TE","Delanie Walker","TEN",8,106,11,NA,NA,0,0,0,NA,0,0,NA,50,1,NA,0,0
"JASONWITTEN","TE","Jason Witten","DAL",8,106,11,NA,NA,0,0,0,NA,0,0,NA,50,1,NA,0,0
"STEVESMITH","WR","Steve Smith","BAL",43,108,10.9,NA,NA,0,0,0,NA,0,0,NA,49,1,NA,0,0
"MARTELLUSBENNETT","TE","Martellus Bennett","CHI",10,108,10.9,NA,NA,0,0,0,NA,0,0,NA,49,1,NA,0,0
"DORIALGREENBECKHAM","WR","Dorial Green-Beckham","TEN",44,110,10.8,NA,NA,0,0,0,NA,0,0,NA,48,1,NA,0,0
"ANDREJOHNSON","WR","Andre Johnson","IND",44,110,10.8,NA,NA,0,0,0,NA,0,0,NA,48,1,NA,0,0
"MOHAMEDSANU","WR","Mohamed Sanu","CIN",44,110,10.8,NA,NA,0,0,0,NA,3,0,NA,45,1,NA,0,0
"HEATHMILLER","TE","Heath Miller","PIT",11,110,10.8,NA,NA,0,0,0,NA,0,0,NA,48,1,NA,0,0
"MARCUSMARIOTA","QB","Marcus Mariota","TEN",28,114,10.68,NA,NA,167,1,1,NA,20,0,NA,0,0,NA,0,0
"DAVANTEADAMS","WR","Davante Adams","GB",47,115,10.6,NA,NA,0,0,0,NA,0,0,NA,46,1,NA,0,0
"MALCOMFLOYD","WR","Malcom Floyd","SD",48,116,10.5,NA,NA,0,0,0,NA,0,0,NA,45,1,NA,0,0
"NICKFOLES","QB","Nick Foles","STL",29,117,10.48,NA,NA,207,1,1,NA,2,0,NA,0,0,NA,0,0
"BRANDONBOLDEN","RB","Brandon Bolden","NE",30,118,10.4,NA,NA,0,0,0,NA,33,1,NA,11,0,NA,0,0
"CHARLESSIMS","RB","Charles Sims","TB",30,118,10.4,NA,NA,0,0,0,NA,31,1,NA,13,0,NA,0,0
"RICHARDRODGERS","TE","Richard Rodgers","GB",12,118,10.4,NA,NA,0,0,0,NA,0,0,NA,44,1,NA,0,0
"DEREKCARR","QB","Derek Carr","OAK",30,121,10.32,NA,NA,198,1,1,NA,4,0,NA,0,0,NA,0,0
"BISHOPSANKEY","RB","Bishop Sankey","TEN",32,122,10.2,NA,NA,0,0,0,NA,35,1,NA,7,0,NA,0,0
"TYLEREIFERT","TE","Tyler Eifert","CIN",13,122,10.2,NA,NA,0,0,0,NA,0,0,NA,42,1,NA,0,0
"PERCYHARVIN","WR","Percy Harvin","BUF",49,124,10,NA,NA,0,0,0,NA,6,0,NA,34,1,NA,0,0
"JORDANREED","TE","Jordan Reed","WAS",14,125,9.7,NA,NA,0,0,0,NA,0,0,NA,37,1,NA,0,0
"EDDIEROYAL","WR","Eddie Royal","CHI",50,126,9.6,NA,NA,0,0,0,NA,0,0,NA,36,1,NA,0,0
"ZACSTACY","RB","Zac Stacy","NYJ",33,127,9.5,NA,NA,0,0,0,NA,25,1,NA,10,0,NA,0,0
"LADARIUSGREEN","TE","Ladarius Green","SD Q",15,128,9.4,NA,NA,0,0,0,NA,0,0,NA,34,1,NA,0,0
"AUSTINSEFERIANJENKINS","TE","Austin Seferian-Jenkins","TB",16,129,9.3,NA,NA,0,0,0,NA,0,0,NA,33,1,NA,0,0
"DONTEMONCRIEF","WR","Donte Moncrief","IND",51,130,9.2,NA,NA,0,0,0,NA,2,0,NA,30,1,NA,0,0
"ERICEBRON","TE","Eric Ebron","DET",17,130,9.2,NA,NA,0,0,0,NA,0,0,NA,32,1,NA,0,0
"MAXXWILLIAMS","TE","Maxx Williams","BAL",17,130,9.2,NA,NA,0,0,0,NA,0,0,NA,32,1,NA,0,0
"CHARLESCLAY","TE","Charles Clay","BUF",19,133,9.1,NA,NA,0,0,0,NA,0,0,NA,31,1,NA,0,0
"OWENDANIELS","TE","Owen Daniels","DEN",19,133,9.1,NA,NA,0,0,0,NA,0,0,NA,31,1,NA,0,0
"TYRODTAYLOR","QB","Tyrod Taylor","BUF",31,135,9.04,NA,NA,131,1,1,NA,18,0,NA,0,0,NA,0,0
"COBYFLEENER","TE","Coby Fleener","IND",21,136,8.8,NA,NA,0,0,0,NA,0,0,NA,28,1,NA,0,0
"KIRKCOUSINS","QB","Kirk Cousins","WAS",32,137,8.08,NA,NA,142,1,1,NA,4,0,NA,0,0,NA,0,0
"TREMASON","RB","Tre Mason","STL",34,138,6.4,NA,NA,0,0,0,NA,51,0,NA,13,0,NA,0,0
"DEXTERMCCLUSTER","RB","Dexter McCluster","TEN",35,139,6.1,NA,NA,0,0,0,NA,34,0,NA,27,0,NA,0,0
"JAELENSTRONG","WR","Jaelen Strong","HOU",52,139,6.1,NA,NA,0,0,0,NA,0,0,NA,61,0,NA,0,0
"DENARDROBINSON","RB","Denard Robinson","JAC",36,141,5.8,NA,NA,0,0,0,NA,47,0,NA,11,0,NA,0,0
"DAVIDJOHNSON","RB","David Johnson","ARI",37,142,5.6,NA,NA,0,0,0,NA,38,0,NA,18,0,NA,0,0
"JONATHANSTEWART","RB","Jonathan Stewart","CAR",38,143,5.5,NA,NA,0,0,0,NA,45,0,NA,10,0,NA,0,0
"CARLOSHYDE","RB","Carlos Hyde","SF",39,144,5.3,NA,NA,0,0,0,NA,46,0,NA,7,0,NA,0,0
"DEANGELOWILLIAMS","RB","DeAngelo Williams","PIT",39,144,5.3,NA,NA,0,0,0,NA,48,0,NA,5,0,NA,0,0
"JERMAINEKEARSE","WR","Jermaine Kearse","SEA",53,146,5.2,NA,NA,0,0,0,NA,2,0,NA,50,0,NA,0,0
"KENDALLWRIGHT","WR","Kendall Wright","TEN",54,147,5.1,NA,NA,0,0,0,NA,3,0,NA,48,0,NA,0,0
"TAVONAUSTIN","WR","Tavon Austin","STL",55,148,4.9,NA,NA,0,0,0,NA,23,0,NA,26,0,NA,0,0
"RUEBENRANDLE","WR","Rueben Randle","NYG",55,148,4.9,NA,NA,0,0,0,NA,0,0,NA,49,0,NA,0,0
"GIOVANIBERNARD","RB","Giovani Bernard","CIN",41,150,4.8,NA,NA,0,0,0,NA,31,0,NA,17,0,NA,0,0
"DANNYWOODHEAD","RB","Danny Woodhead","SD",41,150,4.8,NA,NA,0,0,0,NA,23,0,NA,25,0,NA,0,0
"MARQISELEE","WR","Marqise Lee","JAC",57,150,4.8,NA,NA,0,0,0,NA,1,0,NA,47,0,NA,0,0
"ROYHELU","RB","Roy Helu","OAK",43,153,4.6,NA,NA,0,0,0,NA,23,0,NA,23,0,NA,0,0
"CECILSHORTS","WR","Cecil Shorts","HOU",58,154,4.5,NA,NA,0,0,0,NA,0,0,NA,45,0,NA,0,0
"JACQUIZZRODGERS","RB","Jacquizz Rodgers","CHI",44,155,4.4,NA,NA,0,0,0,NA,27,0,NA,17,0,NA,0,0
"FOZZYWHITTAKER","RB","Fozzy Whittaker","CAR",44,155,4.4,NA,NA,0,0,0,NA,30,0,NA,14,0,NA,0,0
"DOUGBALDWIN","WR","Doug Baldwin","SEA",59,155,4.4,NA,NA,0,0,0,NA,1,0,NA,43,0,NA,0,0
"MARCEDESLEWIS","TE","Marcedes Lewis","JAC",22,155,4.4,NA,NA,0,0,0,NA,0,0,NA,44,0,NA,0,0
"DESEANJACKSON","WR","DeSean Jackson","WAS",60,159,4.3,NA,NA,0,0,0,NA,2,0,NA,41,0,NA,0,0
"MARVINJONES","WR","Marvin Jones","CIN",60,159,4.3,NA,NA,0,0,0,NA,0,0,NA,43,0,NA,0,0
"JEREMYKERLEY","WR","Jeremy Kerley","NYJ",60,159,4.3,NA,NA,0,0,0,NA,2,0,NA,41,0,NA,0,0
"JOIQUEBELL","RB","Joique Bell","DET",46,162,4.2,NA,NA,0,0,0,NA,33,0,NA,9,0,NA,0,0
"COREYBROWN","WR","Corey Brown","CAR",63,162,4.2,NA,NA,0,0,0,NA,5,0,NA,37,0,NA,0,0
"ANDREWHAWKINS","WR","Andrew Hawkins","CLE",64,164,4.1,NA,NA,0,0,0,NA,1,0,NA,40,0,NA,0,0
"JARIUSWRIGHT","WR","Jarius Wright","MIN",64,164,4.1,NA,NA,0,0,0,NA,6,0,NA,35,0,NA,0,0
"GREGOLSEN","TE","Greg Olsen","CAR",23,164,4.1,NA,NA,0,0,0,NA,0,0,NA,41,0,NA,0,0
"AMEERABDULLAH","RB","Ameer Abdullah","DET",47,167,4,NA,NA,0,0,0,NA,28,0,NA,12,0,NA,0,0
"JEREMYLANGFORD","RB","Jeremy Langford","CHI",48,168,3.9,NA,NA,0,0,0,NA,25,0,NA,14,0,NA,0,0
"TYMONTGOMERY","WR","Ty Montgomery","GB",66,168,3.9,NA,NA,0,0,0,NA,0,0,NA,39,0,NA,0,0
"DEVONTAFREEMAN","RB","Devonta Freeman","ATL",49,170,3.8,NA,NA,0,0,0,NA,28,0,NA,10,0,NA,0,0
"THEORIDDICK","RB","Theo Riddick","DET",49,170,3.8,NA,NA,0,0,0,NA,22,0,NA,16,0,NA,0,0
"DANNYAMENDOLA","WR","Danny Amendola","NE",67,170,3.8,NA,NA,0,0,0,NA,0,0,NA,38,0,NA,0,0
"ROBERTWOODS","WR","Robert Woods","BUF",67,170,3.8,NA,NA,0,0,0,NA,0,0,NA,38,0,NA,0,0
"TERRANCEWILLIAMS","WR","Terrance Williams","DAL",69,174,3.7,NA,NA,0,0,0,NA,0,0,NA,37,0,NA,0,0
"RONNIEHILLMAN","RB","Ronnie Hillman","DEN",51,175,3.6,NA,NA,0,0,0,NA,24,0,NA,12,0,NA,0,0
"CHRISPOLK","RB","Chris Polk","HOU",51,175,3.6,NA,NA,0,0,0,NA,26,0,NA,10,0,NA,0,0
"SCOTTCHANDLER","TE","Scott Chandler","NE",24,175,3.6,NA,NA,0,0,0,NA,0,0,NA,36,0,NA,0,0
"BOBBYRAINEY","RB","Bobby Rainey","TB",53,178,3.5,NA,NA,0,0,0,NA,19,0,NA,16,0,NA,0,0
"KENNYBRITT","WR","Kenny Britt","STL",70,178,3.5,NA,NA,0,0,0,NA,1,0,NA,34,0,NA,0,0
"MARLONBROWN","WR","Marlon Brown","BAL",70,178,3.5,NA,NA,0,0,0,NA,0,0,NA,35,0,NA,0,0
"CHRISGIVENS","WR","Chris Givens","STL",70,178,3.5,NA,NA,0,0,0,NA,0,0,NA,35,0,NA,0,0
"BRIANHARTLINE","WR","Brian Hartline","CLE",70,178,3.5,NA,NA,0,0,0,NA,0,0,NA,35,0,NA,0,0
"GREGJENNINGS","WR","Greg Jennings","MIA",70,178,3.5,NA,NA,0,0,0,NA,0,0,NA,35,0,NA,0,0
"JACOBYJONES","WR","Jacoby Jones","SD",70,178,3.5,NA,NA,0,0,0,NA,2,0,NA,33,0,NA,0,0
"TERRANCEWEST","RB","Terrance West","TEN",54,185,3.4,NA,NA,0,0,0,NA,29,0,NA,5,0,NA,0,0
"BRANDONCOLEMAN","WR","Brandon Coleman","NO",76,185,3.4,NA,NA,0,0,0,NA,0,0,NA,34,0,NA,0,0
"JOSHHUFF","WR","Josh Huff","PHI",76,185,3.4,NA,NA,0,0,0,NA,0,0,NA,34,0,NA,0,0
"VERNONDAVIS","TE","Vernon Davis","SF",25,188,3.3,NA,NA,0,0,0,NA,0,0,NA,33,0,NA,0,0
"LANCEDUNBAR","RB","Lance Dunbar","DAL",55,189,3.1,NA,NA,0,0,0,NA,28,0,NA,3,0,NA,0,0
"DARRENMCFADDEN","RB","Darren McFadden","DAL",55,189,3.1,NA,NA,0,0,0,NA,28,0,NA,3,0,NA,0,0
"PHILLIPDORSETT","WR","Phillip Dorsett","IND",78,189,3.1,NA,NA,0,0,0,NA,0,0,NA,31,0,NA,0,0
"DRIARCHER","RB","Dri Archer","PIT",57,192,3,NA,NA,0,0,0,NA,17,0,NA,13,0,NA,0,0
"DUKEJOHNSON","RB","Duke Johnson","CLE",57,192,3,NA,NA,0,0,0,NA,20,0,NA,10,0,NA,0,0
"BRIANQUICK","WR","Brian Quick","STL",79,192,3,NA,NA,0,0,0,NA,0,0,NA,30,0,NA,0,0
"BENNYCUNNINGHAM","RB","Benny Cunningham","STL",59,195,2.9,NA,NA,0,0,0,NA,20,0,NA,29,0,NA,0,1
"ANDRECALDWELL","WR","Andre Caldwell","DEN",80,195,2.9,NA,NA,0,0,0,NA,0,0,NA,29,0,NA,0,0
"JUSTINHUNTER","WR","Justin Hunter","TEN",80,195,2.9,NA,NA,0,0,0,NA,0,0,NA,29,0,NA,0,0
"STEVEJOHNSON","WR","Steve Johnson","SD",80,195,2.9,NA,NA,0,0,0,NA,0,0,NA,29,0,NA,0,0
"MYCHALRIVERA","TE","Mychal Rivera","OAK",26,195,2.9,NA,NA,0,0,0,NA,0,0,NA,29,0,NA,0,0
"ANDREWILLIAMS","RB","Andre Williams","NYG",60,200,2.8,NA,NA,0,0,0,NA,24,0,NA,4,0,NA,0,0
"ALLENHURNS","WR","Allen Hurns","JAC",83,200,2.8,NA,NA,0,0,0,NA,0,0,NA,28,0,NA,0,0
"ANDREROBERTS","WR","Andre Roberts","WAS",83,200,2.8,NA,NA,0,0,0,NA,1,0,NA,27,0,NA,0,0
"TOBYGERHART","RB","Toby Gerhart","JAC",61,203,2.7,NA,NA,0,0,0,NA,20,0,NA,7,0,NA,0,0
"MIKETOLBERT","RB","Mike Tolbert","CAR",61,203,2.7,NA,NA,0,0,0,NA,12,0,NA,15,0,NA,0,0
"RYANGRIFFIN","TE","Ryan Griffin","HOU",27,203,2.7,NA,NA,0,0,0,NA,0,0,NA,27,0,NA,0,0
"JASONAVANT","WR","Jason Avant","KC P",85,206,2.6,NA,NA,0,0,0,NA,0,0,NA,26,0,NA,0,0
"MATTASIATA","RB","Matt Asiata","MIN",63,207,2.5,NA,NA,0,0,0,NA,18,0,NA,7,0,NA,0,0
"JAMESSTARKS","RB","James Starks","GB",63,207,2.5,NA,NA,0,0,0,NA,18,0,NA,7,0,NA,0,0
"STEDMANBAILEY","WR","Stedman Bailey","STL",86,207,2.5,NA,NA,0,0,0,NA,1,0,NA,24,0,NA,0,0
"AARONDOBSON","WR","Aaron Dobson","NE",86,207,2.5,NA,NA,0,0,0,NA,0,0,NA,25,0,NA,0,0
"JAMESJONES","WR","James Jones","GB",86,207,2.5,NA,NA,0,0,0,NA,0,0,NA,25,0,NA,0,0
"CODYLATIMER","WR","Cody Latimer","DEN",89,212,2.4,NA,NA,0,0,0,NA,0,0,NA,24,0,NA,0,0
"NATEWASHINGTON","WR","Nate Washington","HOU",89,212,2.4,NA,NA,0,0,0,NA,0,0,NA,24,0,NA,0,0
"DWAYNEALLEN","TE","Dwayne Allen","IND",28,212,2.4,NA,NA,0,0,0,NA,0,0,NA,24,0,NA,0,0
"KADEEMCAREY","RB","Ka'Deem Carey","CHI",65,215,2.3,NA,NA,0,0,0,NA,17,0,NA,6,0,NA,0,0
"CHRISJOHNSON","RB","Chris Johnson","ARI",65,215,2.3,NA,NA,0,0,0,NA,18,0,NA,5,0,NA,0,0
"COLEBEASLEY","WR","Cole Beasley","DAL",91,215,2.3,NA,NA,0,0,0,NA,0,0,NA,23,0,NA,0,0
"JERRICHOCOTCHERY","WR","Jerricho Cotchery","CAR",91,215,2.3,NA,NA,0,0,0,NA,0,0,NA,23,0,NA,0,0
"JAREDCOOK","TE","Jared Cook","STL",29,215,2.3,NA,NA,0,0,0,NA,0,0,NA,23,0,NA,0,0
"ANTHONYFASANO","TE","Anthony Fasano","TEN",29,215,2.3,NA,NA,0,0,0,NA,0,0,NA,23,0,NA,0,0
"TIMWRIGHT","TE","Timothy Wright","DET",29,215,2.3,NA,NA,0,0,0,NA,0,0,NA,23,0,NA,0,0
"JERICKMCKINNON","RB","Jerick McKinnon","MIN",67,222,2.2,NA,NA,0,0,0,NA,14,0,NA,8,0,NA,0,0
"BRANDENOLIVER","RB","Branden Oliver","SD",68,223,2.1,NA,NA,0,0,0,NA,11,0,NA,10,0,NA,0,0
"GARRETTGRAHAM","TE","Garrett Graham","HOU",32,223,2.1,NA,NA,0,0,0,NA,0,0,NA,21,0,NA,0,0
"ROBHOUSLER","TE","Rob Housler","CLE",32,223,2.1,NA,NA,0,0,0,NA,0,0,NA,21,0,NA,0,0
"KNILEDAVIS","RB","Knile Davis","KC",69,226,2,NA,NA,0,0,0,NA,14,0,NA,6,0,NA,0,0
"JAMESWHITE","RB","James White","NE",69,226,2,NA,NA,0,0,0,NA,9,0,NA,11,0,NA,0,0
"MARQUESSWILSON","WR","Marquess Wilson","CHI",93,226,2,NA,NA,0,0,0,NA,0,0,NA,20,0,NA,0,0
"JEFFCUMBERLAND","TE","Jeff Cumberland","NYJ",34,226,2,NA,NA,0,0,0,NA,0,0,NA,20,0,NA,0,0
"EDDICKSON","TE","Ed Dickson","CAR",34,226,2,NA,NA,0,0,0,NA,0,0,NA,20,0,NA,0,0
"JERMAINEGRESHAM","TE","Jermaine Gresham","ARI",34,226,2,NA,NA,0,0,0,NA,0,0,NA,20,0,NA,0,0
"REGGIEBUSH","RB","Reggie Bush","SF",71,232,1.9,NA,NA,0,0,0,NA,26,0,NA,13,0,NA,0,1
"JAVORIUSALLEN","RB","Javorius Allen","BAL",72,233,1.8,NA,NA,0,0,0,NA,12,0,NA,6,0,NA,0,0
"CHRISTINEMICHAEL","RB","Christine Michael","DAL",72,233,1.8,NA,NA,0,0,0,NA,16,0,NA,2,0,NA,0,0
"JOSHROBINSON","RB","Josh Robinson","IND",72,233,1.8,NA,NA,0,0,0,NA,16,0,NA,2,0,NA,0,0
"TAYLORGABRIEL","WR","Taylor Gabriel","CLE",94,233,1.8,NA,NA,0,0,0,NA,0,0,NA,18,0,NA,0,0
"TYLERLOCKETT","WR","Tyler Lockett","SEA",94,233,1.8,NA,NA,0,0,0,NA,1,0,NA,17,0,NA,0,0
"RODSTREATER","WR","Rod Streater","OAK",94,233,1.8,NA,NA,0,0,0,NA,0,0,NA,18,0,NA,0,0
"FREDJACKSON","RB","Fred Jackson","SEA",75,239,1.7,NA,NA,0,0,0,NA,8,0,NA,9,0,NA,0,0
"DIONLEWIS","RB","Dion Lewis","NE",75,239,1.7,NA,NA,0,0,0,NA,14,0,NA,3,0,NA,0,0
"DEVINHESTER","WR","Devin Hester","ATL",97,239,1.7,NA,NA,0,0,0,NA,1,0,NA,16,0,NA,0,0
"RICARDOLOCKETTE","WR","Ricardo Lockette","SEA",97,239,1.7,NA,NA,0,0,0,NA,1,0,NA,16,0,NA,0,0
"JACOBTAMME","TE","Jacob Tamme","ATL",37,239,1.7,NA,NA,0,0,0,NA,0,0,NA,17,0,NA,0,0
"STEPFANTAYLOR","RB","Stepfan Taylor","ARI",77,244,1.6,NA,NA,0,0,0,NA,10,0,NA,6,0,NA,0,0
"TEDGINN","WR","Ted Ginn","CAR",99,244,1.6,NA,NA,0,0,0,NA,0,0,NA,16,0,NA,0,0
"ANDREHOLMES","WR","Andre Holmes","OAK",99,244,1.6,NA,NA,0,0,0,NA,0,0,NA,16,0,NA,0,0
"DEVANTEPARKER","WR","DeVante Parker","MIA",99,244,1.6,NA,NA,0,0,0,NA,0,0,NA,16,0,NA,0,0
"DEVINSMITH","WR","Devin Smith","NYJ",99,244,1.6,NA,NA,0,0,0,NA,0,0,NA,16,0,NA,0,0
"BENJAMINWATSON","TE","Benjamin Watson","NO",38,244,1.6,NA,NA,0,0,0,NA,0,0,NA,16,0,NA,0,0
"CAMERONARTISPAYNE","RB","Cameron Artis-Payne","CAR",78,250,1.5,NA,NA,0,0,0,NA,11,0,NA,4,0,NA,0,0
"BRYCEBROWN","RB","Bryce Brown","BUF",78,250,1.5,NA,NA,0,0,0,NA,13,0,NA,2,0,NA,0,0
"CHRISHOGAN","WR","Chris Hogan","BUF",103,250,1.5,NA,NA,0,0,0,NA,0,0,NA,15,0,NA,0,0
"PRESTONPARKER","WR","Preston Parker","NYG",103,250,1.5,NA,NA,0,0,0,NA,0,0,NA,15,0,NA,0,0
"LUKEWILLSON","TE","Luke Willson","SEA",39,250,1.5,NA,NA,0,0,0,NA,0,0,NA,15,0,NA,0,0
"BILALPOWELL","RB","Bilal Powell","NYJ",80,255,1.4,NA,NA,0,0,0,NA,9,0,NA,5,0,NA,0,0
"DAMIENWILLIAMS","RB","Damien Williams","MIA",80,255,1.4,NA,NA,0,0,0,NA,9,0,NA,5,0,NA,0,0
"KARLOSWILLIAMS","RB","Karlos Williams","BUF",80,255,1.4,NA,NA,0,0,0,NA,12,0,NA,2,0,NA,0,0
"STEFONDIGGS","WR","Stefon Diggs","MIN",105,255,1.4,NA,NA,0,0,0,NA,0,0,NA,14,0,NA,0,0
"BRUCEELLINGTON","WR","Bruce Ellington","SF",105,255,1.4,NA,NA,0,0,0,NA,1,0,NA,13,0,NA,0,0
"DWAYNEHARRIS","WR","Dwayne Harris","NYG",105,255,1.4,NA,NA,0,0,0,NA,0,0,NA,14,0,NA,0,0
"CROCKETTGILLMORE","TE","Crockett Gillmore","BAL",40,255,1.4,NA,NA,0,0,0,NA,0,0,NA,14,0,NA,0,0
"LAMICHAELJAMES","RB","LaMichael James","MIA",83,262,1.3,NA,NA,0,0,0,NA,10,0,NA,3,0,NA,0,0
"JAMISONCROWDER","WR","Jamison Crowder","WAS",108,262,1.3,NA,NA,0,0,0,NA,1,0,NA,12,0,NA,0,0
"BRENTCELEK","TE","Brent Celek","PHI",41,262,1.3,NA,NA,0,0,0,NA,0,0,NA,13,0,NA,0,0
"CLAYHARBOR","TE","Clay Harbor","JAC",41,262,1.3,NA,NA,0,0,0,NA,0,0,NA,13,0,NA,0,0
"LANCEKENDRICKS","TE","Lance Kendricks","STL",41,262,1.3,NA,NA,0,0,0,NA,0,0,NA,13,0,NA,0,0
"CJFIEDOROWICZ","TE","C.J. Fiedorowicz","HOU",44,267,1.2,NA,NA,0,0,0,NA,0,0,NA,12,0,NA,0,0
"BRANDONMYERS","TE","Brandon Myers","TB",44,267,1.2,NA,NA,0,0,0,NA,0,0,NA,12,0,NA,0,0
"LEVINETOILOLO","TE","Levine Toilolo","ATL",44,267,1.2,NA,NA,0,0,0,NA,0,0,NA,12,0,NA,0,0
"MATTJONES","RB","Matt Jones","WAS",84,270,1.1,NA,NA,0,0,0,NA,9,0,NA,2,0,NA,0,0
"KHIRYROBINSON","RB","Khiry Robinson","NO",84,270,1.1,NA,NA,0,0,0,NA,9,0,NA,2,0,NA,0,0
"MARCELREECE","RB","Marcel Reece","OAK",86,272,1,NA,NA,0,0,0,NA,4,0,NA,6,0,NA,0,0
"JEFFJANIS","WR","Jeff Janis","GB",109,272,1,NA,NA,0,0,0,NA,0,0,NA,10,0,NA,0,0
"CORDARRELLEPATTERSON","WR","Cordarrelle Patterson","MIN",110,274,0.9,NA,NA,0,0,0,NA,3,0,NA,6,0,NA,0,0
"ALBERTWILSON","WR","Albert Wilson","KC P",110,274,0.9,NA,NA,0,0,0,NA,0,0,NA,9,0,NA,0,0
"MILESAUSTIN","WR","Miles Austin","PHI",112,276,0.8,NA,NA,0,0,0,NA,0,0,NA,8,0,NA,0,0
"TRAVISBENJAMIN","WR","Travis Benjamin","CLE",112,276,0.8,NA,NA,0,0,0,NA,0,0,NA,8,0,NA,0,0
"CHRISCONLEY","WR","Chris Conley","KC P",112,276,0.8,NA,NA,0,0,0,NA,0,0,NA,8,0,NA,0,0
"RILEYCOOPER","WR","Riley Cooper","PHI",112,276,0.8,NA,NA,0,0,0,NA,0,0,NA,8,0,NA,0,0
"LEONARDHANKERSON","WR","Leonard Hankerson","ATL",112,276,0.8,NA,NA,0,0,0,NA,0,0,NA,8,0,NA,0,0
"JUSTINHARDY","WR","Justin Hardy","ATL",112,276,0.8,NA,NA,0,0,0,NA,0,0,NA,8,0,NA,0,0
"GAVINESCOBAR","TE","Gavin Escobar","DAL",47,276,0.8,NA,NA,0,0,0,NA,0,0,NA,8,0,NA,0,0
"CHASEFORD","TE","Chase Ford","MIN",47,276,0.8,NA,NA,0,0,0,NA,0,0,NA,8,0,NA,0,0
"ANDREWQUARLESS","TE","Andrew Quarless","GB",47,276,0.8,NA,NA,0,0,0,NA,0,0,NA,8,0,NA,0,0
"DIONSIMS","TE","Dion Sims","MIA",47,276,0.8,NA,NA,0,0,0,NA,0,0,NA,8,0,NA,0,0
"DONALDBROWN","RB","Donald Brown","SD",87,286,0.7,NA,NA,0,0,0,NA,4,0,NA,3,0,NA,0,0
"JORDANTODMAN","RB","Jordan Todman","PIT",87,286,0.7,NA,NA,0,0,0,NA,4,0,NA,3,0,NA,0,0
"DWAYNEBOWE","WR","Dwayne Bowe","CLE",118,286,0.7,NA,NA,0,0,0,NA,0,0,NA,7,0,NA,0,0
"LANCEMOORE","WR","Lance Moore","DET",118,286,0.7,NA,NA,0,0,0,NA,0,0,NA,7,0,NA,0,0
"REXBURKHEAD","RB","Rex Burkhead","CIN",89,290,0.6,NA,NA,0,0,0,NA,4,0,NA,2,0,NA,0,0
"BERNARDPIERCE","RB","Bernard Pierce","JAC",89,290,0.6,NA,NA,0,0,0,NA,5,0,NA,1,0,NA,0,0
"MICHAELCAMPANARO","WR","Michael Campanaro","BAL",120,290,0.6,NA,NA,0,0,0,NA,0,0,NA,6,0,NA,0,0
"ANTHONYDIXON","RB","Anthony Dixon","BUF",91,293,0.5,NA,NA,0,0,0,NA,4,0,NA,1,0,NA,0,0
"JONATHANGRIMES","RB","Jonathan Grimes","HOU",91,293,0.5,NA,NA,0,0,0,NA,4,0,NA,1,0,NA,0,0
"MIKEJAMES","RB","Mike James","TB",91,293,0.5,NA,NA,0,0,0,NA,4,0,NA,1,0,NA,0,0
"CEDRICPEERMAN","RB","Cedric Peerman","CIN",91,293,0.5,NA,NA,0,0,0,NA,4,0,NA,1,0,NA,0,0
"JUWANTHOMPSON","RB","Juwan Thompson","DEN",91,293,0.5,NA,NA,0,0,0,NA,4,0,NA,1,0,NA,0,0
"JOHNKUHN","RB","John Kuhn","GB",96,298,0.3,NA,NA,0,0,0,NA,2,0,NA,1,0,NA,0,0
"DEREKANDERSON","QB","Derek Anderson","CAR",33,299,0,NA,NA,0,0,0,NA,0,0,NA,0,0,NA,0,0
"MATTBARKLEY","QB","Matt Barkley","ARI",33,299,0,NA,NA,0,0,0,NA,0,0,NA,0,0,NA,0,0
"MATTCASSEL","QB","Matt Cassel","BUF",33,299,0,NA,NA,0,0,0,NA,0,0,NA,0,0,NA,0,0
"JIMMYCLAUSEN","QB","Jimmy Clausen","CHI",33,299,0,NA,NA,0,0,0,NA,0,0,NA,0,0,NA,0,0
"KELLENCLEMENS","QB","Kellen Clemens","SD",33,299,0,NA,NA,0,0,0,NA,0,0,NA,0,0,NA,0,0
"CHASEDANIEL","QB","Chase Daniel","KC",33,299,0,NA,NA,0,0,0,NA,0,0,NA,0,0,NA,0,0
"AUSTINDAVIS","QB","Austin Davis","CLE",33,299,0,NA,NA,0,0,0,NA,0,0,NA,0,0,NA,0,0
"BLAINEGABBERT","QB","Blaine Gabbert","SF",33,299,0,NA,NA,0,0,0,NA,0,0,NA,0,0,NA,0,0
"JIMMYGAROPPOLO","QB","Jimmy Garoppolo","NE",33,299,0,NA,NA,0,0,0,NA,0,0,NA,0,0,NA,0,0
"MIKEGLENNON","QB","Mike Glennon","TB",33,299,0,NA,NA,0,0,0,NA,0,0,NA,0,0,NA,0,0
"ROBERTGRIFFIN","QB","Robert Griffin III","WAS",33,299,0,NA,NA,0,0,0,NA,0,0,NA,0,0,NA,0,0
"MATTHASSELBECK","QB","Matt Hasselbeck","IND",33,299,0,NA,NA,0,0,0,NA,0,0,NA,0,0,NA,0,0
"CHADHENNE","QB","Chad Henne","JAC",33,299,0,NA,NA,0,0,0,NA,0,0,NA,0,0,NA,0,0
"SHAUNHILL","QB","Shaun Hill","MIN",33,299,0,NA,NA,0,0,0,NA,0,0,NA,0,0,NA,0,0
"TARVARISJACKSON","QB","Tarvaris Jackson","SEA",33,299,0,NA,NA,0,0,0,NA,0,0,NA,0,0,NA,0,0
"CASEKEENUM","QB","Case Keenum","STL",33,299,0,NA,NA,0,0,0,NA,0,0,NA,0,0,NA,0,0
"RYANMALLETT","QB","Ryan Mallett","HOU",33,299,0,NA,NA,0,0,0,NA,0,0,NA,0,0,NA,0,0
"EJMANUEL","QB","EJ Manuel","BUF",33,299,0,NA,NA,0,0,0,NA,0,0,NA,0,0,NA,0,0
"JONASGRAY","RB","Jonas Gray","MIA",97,299,0,NA,NA,0,0,0,NA,0,0,NA,0,0,NA,0,0
"STEVANRIDLEY","RB","Stevan Ridley","NYJ",97,299,0,NA,NA,0,0,0,NA,0,0,NA,0,0,NA,0,0
"JAYAJAYI","RB","Jay Ajayi","MIA",97,299,0,NA,NA,0,0,0,NA,0,0,NA,0,0,NA,0,0
"ANTONIOANDREWS","RB","Antonio Andrews","TEN",97,299,0,NA,NA,0,0,0,NA,0,0,NA,0,0,NA,0,0
"EDWINBAKER","RB","Edwin Baker",NA,97,299,0,NA,NA,0,0,0,NA,0,0,NA,0,0,NA,0,0
"MONTEEBALL","RB","Montee Ball",NA,97,299,0,NA,NA,0,0,0,NA,0,0,NA,0,0,NA,0,0
"VICKBALLARD","RB","Vick Ballard","IND",97,299,0,NA,NA,0,0,0,NA,0,0,NA,0,0,NA,0,0
"JOEBANYARD","RB","Joe Banyard",NA,97,299,0,NA,NA,0,0,0,NA,0,0,NA,0,0,NA,0,0
"KENJONBARNER","RB","Kenjon Barner","PHI",97,299,0,NA,NA,0,0,0,NA,0,0,NA,0,0,NA,0,0
"JACKIEBATTLE","RB","Jackie Battle",NA,97,299,0,NA,NA,0,0,0,NA,0,0,NA,0,0,NA,0,0
"LEVEONBELL","RB","Le'Veon Bell","PIT",97,299,0,NA,NA,0,0,0,NA,0,0,NA,0,0,NA,0,0
"LEGARRETTEBLOUNT","RB","LeGarrette Blount","NE E",97,299,0,NA,NA,0,0,0,NA,0,0,NA,0,0,NA,0,0
"TOMMYBOHANON","RB","Tommy Bohanon","NYJ",97,299,0,NA,NA,0,0,0,NA,0,0,NA,0,0,NA,0,0
"AHMADBRADSHAW","RB","Ahmad Bradshaw",NA,97,299,0,NA,NA,0,0,0,NA,0,0,NA,0,0,NA,0,0
"ANDREBROWN","RB","Andre Brown",NA,97,299,0,NA,NA,0,0,0,NA,0,0,NA,0,0,NA,0,0
"MALCOLMBROWN","RB","Malcolm Brown","STL",97,299,0,NA,NA,0,0,0,NA,0,0,NA,0,0,NA,0,0
"RONNIEBROWN","RB","Ronnie Brown",NA,97,299,0,NA,NA,0,0,0,NA,0,0,NA,0,0,NA,0,0
"MICHAELBURTON","RB","Michael Burton","DET",97,299,0,NA,NA,0,0,0,NA,0,0,NA,0,0,NA,0,0
"MICHAELBUSH","RB","Michael Bush",NA,97,299,0,NA,NA,0,0,0,NA,0,0,NA,0,0,NA,0,0
"TRAVARISCADET","RB","Travaris Cadet","NE I",97,299,0,NA,NA,0,0,0,NA,0,0,NA,0,0,NA,0,0
"TASHARDCHOICE","RB","Tashard Choice",NA,97,299,0,NA,NA,0,0,0,NA,0,0,NA,0,0,NA,0,0
"DAVIDCOBB","RB","David Cobb","TEN",97,299,0,NA,NA,0,0,0,NA,0,0,NA,0,0,NA,0,0
"DERRICKCOLEMAN","RB","Derrick Coleman","SEA",97,299,0,NA,NA,0,0,0,NA,0,0,NA,0,0,NA,0,0
"JEDCOLLINS","RB","Jed Collins",NA,97,299,0,NA,NA,0,0,0,NA,0,0,NA,0,0,NA,0,0
"JOHNCONNER","RB","John Conner",NA,97,299,0,NA,NA,0,0,0,NA,0,0,NA,0,0,NA,0,0
"MICHAELCOX","RB","Michael Cox",NA,97,299,0,NA,NA,0,0,0,NA,0,0,NA,0,0,NA,0,0
"JOHNCROCKETT","RB","John Crockett","GB",97,299,0,NA,NA,0,0,0,NA,0,0,NA,0,0,NA,0,0
"ORLEANSDARKWA","RB","Orleans Darkwa","NYG",97,299,0,NA,NA,0,0,0,NA,0,0,NA,0,0,NA,0,0
"MIKEDAVIS","RB","Mike Davis","SF",97,299,0,NA,NA,0,0,0,NA,0,0,NA,0,0,NA,0,0
"JEFFDEMPS","RB","Jeff Demps",NA,97,299,0,NA,NA,0,0,0,NA,0,0,NA,0,0,NA,0,0
"JAMESDEVELIN","RB","James Develin","NE I",97,299,0,NA,NA,0,0,0,NA,0,0,NA,0,0,NA,0,0
"PATRICKDIMARCO","RB","Patrick DiMarco","ATL",97,299,0,NA,NA,0,0,0,NA,0,0,NA,0,0,NA,0,0
"SHAUNDRAUGHN","RB","Shaun Draughn","CLE",97,299,0,NA,NA,0,0,0,NA,0,0,NA,0,0,NA,0,0
"JONATHANDWYER","RB","Jonathan Dwyer",NA,97,299,0,NA,NA,0,0,0,NA,0,0,NA,0,0,NA,0,0
"MICHAELDYER","RB","Michael Dyer",NA,97,299,0,NA,NA,0,0,0,NA,0,0,NA,0,0,NA,0,0
"JEROMEFELTON","RB","Jerome Felton","BUF",97,299,0,NA,NA,0,0,0,NA,0,0,NA,0,0,NA,0,0
"ARIANFOSTER","RB","Arian Foster","HOU",97,299,0,NA,NA,0,0,0,NA,0,0,NA,0,0,NA,0,0
"JALSTONFOWLER","RB","Jalston Fowler","TEN",97,299,0,NA,NA,0,0,0,NA,0,0,NA,0,0,NA,0,0
"JOHNATHANFRANKLIN","RB","Johnathan Franklin",NA,97,299,0,NA,NA,0,0,0,NA,0,0,NA,0,0,NA,0,0
"TYLERGAFFNEY","RB","Tyler Gaffney","NE I",97,299,0,NA,NA,0,0,0,NA,0,0,NA,0,0,NA,0,0
"MIKEGILLISLEE","RB","Mike Gillislee",NA,97,299,0,NA,NA,0,0,0,NA,0,0,NA,0,0,NA,0,0
"MIKEGOODSON","RB","Mike Goodson",NA,97,299,0,NA,NA,0,0,0,NA,0,0,NA,0,0,NA,0,0
"RAYGRAHAM","RB","Ray Graham",NA,97,299,0,NA,NA,0,0,0,NA,0,0,NA,0,0,NA,0,0
"CYRUSGRAY","RB","Cyrus Gray",NA,97,299,0,NA,NA,0,0,0,NA,0,0,NA,0,0,NA,0,0
"ALEXGREEN","RB","Alex Green",NA,97,299,0,NA,NA,0,0,0,NA,0,0,NA,0,0,NA,0,0
"BENJARVUSGREENELLIS","RB","BenJarvus Green-Ellis",NA,97,299,0,NA,NA,0,0,0,NA,0,0,NA,0,0,NA,0,0
"SHONNGREENE","RB","Shonn Greene",NA,97,299,0,NA,NA,0,0,0,NA,0,0,NA,0,0,NA,0,0
"MARIONGRICE","RB","Marion Grice",NA,97,299,0,NA,NA,0,0,0,NA,0,0,NA,0,0,NA,0,0
"TODDGURLEY","RB","Todd Gurley","STL",97,299,0,NA,NA,0,0,0,NA,0,0,NA,0,0,NA,0,0
"DUJUANHARRIS","RB","DuJuan Harris",NA,97,299,0,NA,NA,0,0,0,NA,0,0,NA,0,0,NA,0,0
"JOSHHARRIS","RB","Josh Harris",NA,97,299,0,NA,NA,0,0,0,NA,0,0,NA,0,0,NA,0,0
"STANLEYHAVILI","RB","Stanley Havili",NA,97,299,0,NA,NA,0,0,0,NA,0,0,NA,0,0,NA,0,0
"JARRYDHAYNE","RB","Jarryd Hayne","SF",97,299,0,NA,NA,0,0,0,NA,0,0,NA,0,0,NA,0,0
"DANHERRON","RB","Dan Herron",NA,97,299,0,NA,NA,0,0,0,NA,0,0,NA,0,0,NA,0,0
"PAULRICHARDSON","WR","Paul Richardson","SEA",121,299,0,NA,NA,0,0,0,NA,0,0,NA,7,0,NA,0,0
"BRANDONLAFELL","WR","Brandon LaFell","NE P",121,299,0,NA,NA,0,0,0,NA,0,0,NA,0,0,NA,0,0
"KEVINWHITE","WR","Kevin White","CHI",121,299,0,NA,NA,0,0,0,NA,0,0,NA,0,0,NA,0,0
"JAREDABBREDERIS","WR","Jared Abbrederis","GB",121,299,0,NA,NA,0,0,0,NA,0,0,NA,0,0,NA,0,0
"KAMARAIKEN","WR","Kamar Aiken","BAL",121,299,0,NA,NA,0,0,0,NA,0,0,NA,0,0,NA,0,0
"SEYIAJIROTUTU","WR","Seyi Ajirotutu","PHI",121,299,0,NA,NA,0,0,0,NA,0,0,NA,0,0,NA,0,0
"MARIOALFORD","WR","Mario Alford","CIN",121,299,0,NA,NA,0,0,0,NA,0,0,NA,0,0,NA,0,0
"DONNIEAVERY","WR","Donnie Avery",NA,121,299,0,NA,NA,0,0,0,NA,0,0,NA,0,0,NA,0,0
"JONBALDWIN","WR","Jon Baldwin",NA,121,299,0,NA,NA,0,0,0,NA,0,0,NA,0,0,NA,0,0
"KENNYBELL","WR","Kenny Bell","TB I",121,299,0,NA,NA,0,0,0,NA,0,0,NA,0,0,NA,0,0
"JOSHBELLAMY","WR","Josh Bellamy","CHI",121,299,0,NA,NA,0,0,0,NA,0,0,NA,0,0,NA,0,0
"KELVINBENJAMIN","WR","Kelvin Benjamin","CAR",121,299,0,NA,NA,0,0,0,NA,0,0,NA,0,0,NA,0,0
"EARLBENNETT","WR","Earl Bennett",NA,121,299,0,NA,NA,0,0,0,NA,0,0,NA,0,0,NA,0,0
"BRENTONBERSIN","WR","Brenton Bersin","CAR",121,299,0,NA,NA,0,0,0,NA,0,0,NA,0,0,NA,0,0
"DAVONEBESS","WR","Davone Bess",NA,121,299,0,NA,NA,0,0,0,NA,0,0,NA,0,0,NA,0,0
"JUSTINBLACKMON","WR","Justin Blackmon","JAC",121,299,0,NA,NA,0,0,0,NA,0,0,NA,0,0,NA,0,0
"JOSHBOYCE","WR","Josh Boyce","NE I",121,299,0,NA,NA,0,0,0,NA,0,0,NA,0,0,NA,0,0
"JARRETTBOYKIN","WR","Jarrett Boykin",NA,121,299,0,NA,NA,0,0,0,NA,0,0,NA,0,0,NA,0,0
"LAVONBRAZILL","WR","LaVon Brazill",NA,121,299,0,NA,NA,0,0,0,NA,0,0,NA,0,0,NA,0,0
"DARONBROWN","WR","Da'Ron Brown","KC",121,299,0,NA,NA,0,0,0,NA,0,0,NA,0,0,NA,0,0
"JARONBROWN","WR","Jaron Brown","ARI",121,299,0,NA,NA,0,0,0,NA,0,0,NA,0,0,NA,0,0
"JUSTINBROWN","WR","Justin Brown",NA,121,299,0,NA,NA,0,0,0,NA,0,0,NA,0,0,NA,0,0
"MIKEBROWN","WR","Mike Brown",NA,121,299,0,NA,NA,0,0,0,NA,0,0,NA,0,0,NA,0,0
"VINCENTBROWN","WR","Vincent Brown",NA,121,299,0,NA,NA,0,0,0,NA,0,0,NA,0,0,NA,0,0
"RYANBROYLES","WR","Ryan Broyles",NA,121,299,0,NA,NA,0,0,0,NA,0,0,NA,0,0,NA,0,0
"MARTAVISBRYANT","WR","Martavis Bryant","PIT",121,299,0,NA,NA,0,0,0,NA,0,0,NA,0,0,NA,0,0
"NATEBURLESON","WR","Nate Burleson",NA,121,299,0,NA,NA,0,0,0,NA,0,0,NA,0,0,NA,0,0
"ISAIAHBURSE","WR","Isaiah Burse","PIT",121,299,0,NA,NA,0,0,0,NA,0,0,NA,0,0,NA,0,0
"STEPHENBURTON","WR","Stephen Burton",NA,121,299,0,NA,NA,0,0,0,NA,0,0,NA,0,0,NA,0,0
"BRICEBUTLER","WR","Brice Butler","OAK",121,299,0,NA,NA,0,0,0,NA,0,0,NA,0,0,NA,0,0
