"name","pos","name_ffn","team_ffn","positionRank_ffn","overallRank_ffn","pts_ffn","passAtt_ffn","passComp_ffn","passYds_ffn","passTds_ffn","passInt_ffn","rushAtt_ffn","rushYds_ffn","rushTds_ffn","rec_ffn","recYds_ffn","recTds_ffn","returnTds_ffn","twoPts_ffn","fumbles_ffn"
"DREWBREES","QB","Drew Brees","NO",0,0,0,41,28,333,3,0,NA,2,0,NA,NA,NA,NA,NA,0
"ANDREWLUCK","QB","Andrew Luck","IND",0,0,0,39,25,314,2,1,NA,21,0,NA,NA,NA,NA,NA,0
"PEYTONMANNING","QB","Peyton Manning","DEN",0,0,0,36,24,311,2,0,NA,-1,0,NA,NA,NA,NA,NA,0
"BENROETHLISBERGER","QB","Ben Roethlisberger","PIT",0,0,0,42,27,306,2,1,NA,6,0,NA,NA,NA,NA,NA,0
"MATTRYAN","QB","Matt Ryan","ATL",0,0,0,40,27,296,2,0,NA,6,0,NA,NA,NA,NA,NA,0
"JAYCUTLER","QB","Jay Cutler","CHI",0,0,0,41,27,285,2,1,NA,15,0,NA,NA,NA,NA,NA,0
"TOMBRADY","QB","Tom Brady","NE",0,0,0,37,25,276,1,0,NA,2,0,NA,NA,NA,NA,NA,0
"AARONRODGERS","QB","Aaron Rodgers","GB",0,0,0,34,23,275,2,0,NA,15,0,NA,NA,NA,NA,NA,0
"MATTHEWSTAFFORD","QB","Matthew Stafford","DET",0,0,0,36,25,275,1,0,NA,6,0,NA,NA,NA,NA,NA,0
"PHILIPRIVERS","QB","Philip Rivers","SD",0,0,0,37,25,273,2,0,NA,5,0,NA,NA,NA,NA,NA,0
"MARKSANCHEZ","QB","Mark Sanchez","PHI",0,0,0,35,22,267,2,1,NA,6,0,NA,NA,NA,NA,NA,0
"KYLEORTON","QB","Kyle Orton","BUF",0,0,0,41,26,266,1,0,NA,4,0,NA,NA,NA,NA,NA,0
"ELIMANNING","QB","Eli Manning","NYG",0,0,0,36,23,262,2,0,NA,2,0,NA,NA,NA,NA,NA,0
"RYANFITZPATRICK","QB","Ryan Fitzpatrick","HOU",0,0,0,30,18,255,1,0,NA,17,0,NA,NA,NA,NA,NA,0
"TONYROMO","QB","Tony Romo","DAL",0,0,0,34,21,255,2,0,NA,2,0,NA,NA,NA,NA,NA,0
"RYANTANNEHILL","QB","Ryan Tannehill","MIA",0,0,0,38,23,254,1,0,NA,16,0,NA,NA,NA,NA,NA,0
"BLAKEBORTLES","QB","Blake Bortles","JAC",0,0,0,36,22,251,0,1,NA,20,0,NA,NA,NA,NA,NA,0
"DEREKANDERSON","QB","Derek Anderson","CAR",0,0,0,33,21,249,1,1,NA,5,0,NA,NA,NA,NA,NA,0
"JOSHMCCOWN","QB","Josh McCown","TB",0,0,0,37,21,242,1,1,NA,12,0,NA,NA,NA,NA,NA,0
"COLTMCCOY","QB","Colt McCoy","WAS",0,0,0,36,22,239,1,0,NA,10,0,NA,NA,NA,NA,NA,0
"JOHNNYMANZIEL","QB","Johnny Manziel","CLE",0,0,0,35,21,235,0,0,NA,42,0,NA,NA,NA,NA,NA,0
"TEDDYBRIDGEWATER","QB","Teddy Bridgewater","MIN",0,0,0,34,21,234,0,1,NA,12,0,NA,NA,NA,NA,NA,0
"SHAUNHILL","QB","Shaun Hill","STL",0,0,0,30,18,233,0,1,NA,9,0,NA,NA,NA,NA,NA,0
"ANDYDALTON","QB","Andy Dalton","CIN",0,0,0,36,22,232,0,1,NA,11,0,NA,NA,NA,NA,NA,0
"DREWSTANTON","QB","Drew Stanton","ARI",0,0,0,35,20,229,0,1,NA,7,0,NA,NA,NA,NA,NA,0
"JAKELOCKER","QB","Jake Locker","TEN",0,0,0,34,20,229,1,0,NA,21,0,NA,NA,NA,NA,NA,0
"JOEFLACCO","QB","Joe Flacco","BAL",0,0,0,33,23,228,1,0,NA,7,0,NA,NA,NA,NA,NA,0
"DEREKCARR","QB","Derek Carr","OAK",0,0,0,35,22,220,0,0,NA,9,0,NA,NA,NA,NA,NA,0
"ALEXSMITH","QB","Alex Smith","KC",0,0,0,29,19,203,1,0,NA,19,0,NA,NA,NA,NA,NA,0
"COLINKAEPERNICK","QB","Colin Kaepernick","SF",0,0,0,31,18,200,0,0,NA,32,0,NA,NA,NA,NA,NA,0
"RUSSELLWILSON","QB","Russell Wilson","SEA",0,0,0,27,18,196,1,0,NA,48,0,NA,NA,NA,NA,NA,0
"GENOSMITH","QB","Geno Smith","NYJ",0,0,0,26,15,178,0,1,NA,26,0,NA,NA,NA,NA,NA,0
"DAVIDGARRARD","QB","David Garrard","NYJ",0,0,0,35,22,67,0,0,NA,1,0,NA,NA,NA,NA,NA,0
"KELLENCLEMENS","QB","Kellen Clemens","SD",0,0,0,0,0,0,0,0,NA,0,0,NA,NA,NA,NA,NA,0
"LUKEMCCOWN","QB","Luke McCown","NO",0,0,0,0,0,0,0,0,NA,0,0,NA,NA,NA,NA,NA,0
"BRUCEGRADKOWSKI","QB","Bruce Gradkowski","PIT",0,0,0,0,0,0,0,0,NA,0,0,NA,NA,NA,NA,NA,0
"MATTCASSEL","QB","Matt Cassel","MIN",0,0,0,0,0,0,0,0,NA,0,0,NA,NA,NA,NA,NA,0
"REXGROSSMAN","QB","Rex Grossman","WAS",0,0,0,0,0,0,0,0,NA,0,0,NA,NA,NA,NA,NA,0
"MATTHASSELBECK","QB","Matt Hasselbeck","IND",0,0,0,0,0,0,0,0,NA,0,0,NA,NA,NA,NA,NA,0
"TARVARISJACKSON","QB","Tarvaris Jackson","SEA",0,0,0,0,0,0,0,0,NA,0,0,NA,NA,NA,NA,NA,0
"DANORLOVSKY","QB","Dan Orlovsky","DET",0,0,0,0,0,0,0,0,NA,0,0,NA,NA,NA,NA,NA,0
"CARSONPALMER","QB","Carson Palmer","ARI",0,0,0,0,0,0,0,0,NA,0,0,NA,NA,NA,NA,NA,0
"CHARLIEWHITEHURST","QB","Charlie Whitehurst","TEN",0,0,0,0,0,0,0,0,NA,0,0,NA,NA,NA,NA,NA,0
"MICHAELVICK","QB","Michael Vick","NYJ",0,0,0,0,0,0,0,0,NA,0,0,NA,NA,NA,NA,NA,0
"MATTSCHAUB","QB","Matt Schaub","OAK",0,0,0,0,0,0,0,0,NA,0,0,NA,NA,NA,NA,NA,0
"JASONCAMPBELL","QB","Jason Campbell","CIN",0,0,0,0,0,0,0,0,NA,0,0,NA,NA,NA,NA,NA,0
"LEVEONBELL","RB","LeVeon Bell","PIT",0,0,0,NA,NA,NA,NA,NA,23,117,1,5,45,0,NA,NA,0
"JAMAALCHARLES","RB","Jamaal Charles","KC",0,0,0,NA,NA,NA,NA,NA,21,108,1,4,30,0,NA,NA,0
"DEMARCOMURRAY","RB","DeMarco Murray","DAL",0,0,0,NA,NA,NA,NA,NA,21,103,1,5,30,0,NA,NA,0
"LESEANMCCOY","RB","LeSean McCoy","PHI",0,0,0,NA,NA,NA,NA,NA,21,102,1,0,2,0,NA,NA,0
"ARIANFOSTER","RB","Arian Foster","HOU",0,0,0,NA,NA,NA,NA,NA,21,101,1,3,20,0,NA,NA,0
"MARSHAWNLYNCH","RB","Marshawn Lynch","SEA",0,0,0,NA,NA,NA,NA,NA,21,94,1,3,22,0,NA,NA,0
"CJANDERSON","RB","C.J. Anderson","DEN",0,0,0,NA,NA,NA,NA,NA,18,87,1,3,24,0,NA,NA,0
"JUSTINFORSETT","RB","Justin Forsett","BAL",0,0,0,NA,NA,NA,NA,NA,18,86,1,2,15,0,NA,NA,0
"MATTFORTE","RB","Matt Forte","CHI",0,0,0,NA,NA,NA,NA,NA,20,85,1,6,46,0,NA,NA,0
"JONATHANSTEWART","RB","Jonathan Stewart","CAR",0,0,0,NA,NA,NA,NA,NA,20,82,1,2,9,0,NA,NA,0
"TREMASON","RB","Tre Mason","STL",0,0,0,NA,NA,NA,NA,NA,20,82,0,2,11,0,NA,NA,0
"JEREMYHILL","RB","Jeremy Hill","CIN",0,0,0,NA,NA,NA,NA,NA,17,77,1,2,11,0,NA,NA,0
"JOIQUEBELL","RB","Joique Bell","DET",0,0,0,NA,NA,NA,NA,NA,19,76,1,3,22,0,NA,NA,0
"ALFREDMORRIS","RB","Alfred Morris","WAS",0,0,0,NA,NA,NA,NA,NA,18,76,1,3,14,0,NA,NA,0
"LATAVIUSMURRAY","RB","Latavius Murray","OAK",0,0,0,NA,NA,NA,NA,NA,16,74,0,2,6,0,NA,NA,0
"EDDIELACY","RB","Eddie Lacy","GB",0,0,0,NA,NA,NA,NA,NA,17,72,1,3,20,0,NA,NA,0
"MARKINGRAM","RB","Mark Ingram","NO",0,0,0,NA,NA,NA,NA,NA,18,71,1,1,7,0,NA,NA,0
"CHRISIVORY","RB","Chris Ivory","NYJ",0,0,0,NA,NA,NA,NA,NA,15,70,0,1,4,0,NA,NA,0
"LEGARRETTEBLOUNT","RB","LeGarrette Blount","NE",0,0,0,NA,NA,NA,NA,NA,16,69,1,1,2,0,NA,NA,0
"LAMARMILLER","RB","Lamar Miller","MIA",0,0,0,NA,NA,NA,NA,NA,16,69,0,2,14,0,NA,NA,0
"DANHERRON","RB","Dan Herron","IND",0,0,0,NA,NA,NA,NA,NA,13,67,0,4,30,0,NA,NA,0
"ISAIAHCROWELL","RB","Isaiah Crowell","CLE",0,0,0,NA,NA,NA,NA,NA,16,64,1,2,8,0,NA,NA,0
"STEVENJACKSON","RB","Steven Jackson","ATL",0,0,0,NA,NA,NA,NA,NA,16,61,1,3,16,0,NA,NA,0
"DOUGMARTIN","RB","Doug Martin","TB",0,0,0,NA,NA,NA,NA,NA,15,59,0,2,9,0,NA,NA,0
"CHRISJOHNSON","RB","Chris Johnson","NYJ",0,0,0,NA,NA,NA,NA,NA,13,58,1,3,14,0,NA,NA,0
"KERWYNNWILLIAMS","RB","Kerwynn Williams","ARI",0,0,0,NA,NA,NA,NA,NA,14,57,0,2,9,0,NA,NA,0
"TERRANCEWEST","RB","Terrance West","CLE",0,0,0,NA,NA,NA,NA,NA,14,54,0,2,11,0,NA,NA,0
"FREDJACKSON","RB","Fred Jackson","BUF",0,0,0,NA,NA,NA,NA,NA,14,52,0,6,40,0,NA,NA,0
"RASHADJENNINGS","RB","Rashad Jennings","NYG",0,0,0,NA,NA,NA,NA,NA,12,48,0,4,29,0,NA,NA,0
"JAMESSTARKS","RB","James Starks","GB",0,0,0,NA,NA,NA,NA,NA,9,41,0,2,18,0,NA,NA,0
"ANDREWILLIAMS","RB","Andre Williams","NYG",0,0,0,NA,NA,NA,NA,NA,13,40,1,1,6,0,NA,NA,0
"FRANKGORE","RB","Frank Gore","SF",0,0,0,NA,NA,NA,NA,NA,13,38,0,1,3,0,NA,NA,0
"BISHOPSANKEY","RB","Bishop Sankey","TEN",0,0,0,NA,NA,NA,NA,NA,11,36,0,1,4,0,NA,NA,0
"TOBYGERHART","RB","Toby Gerhart","JAC",0,0,0,NA,NA,NA,NA,NA,10,35,0,2,15,0,NA,NA,0
"MATTASIATA","RB","Matt Asiata","MIN",0,0,0,NA,NA,NA,NA,NA,11,35,0,3,17,0,NA,NA,0
"GIOVANIBERNARD","RB","Giovani Bernard","CIN",0,0,0,NA,NA,NA,NA,NA,8,34,0,4,28,0,NA,NA,0
"PIERRETHOMAS","RB","Pierre Thomas","NO",0,0,0,NA,NA,NA,NA,NA,7,34,0,4,31,0,NA,NA,0
"REGGIEBUSH","RB","Reggie Bush","DET",0,0,0,NA,NA,NA,NA,NA,8,33,0,3,19,0,NA,NA,0
"BERNARDPIERCE","RB","Bernard Pierce","BAL",0,0,0,NA,NA,NA,NA,NA,7,31,0,2,8,0,NA,NA,0
"TRENTRICHARDSON","RB","Trent Richardson","IND",0,0,0,NA,NA,NA,NA,NA,9,31,0,0,2,0,NA,NA,0
"JUWANTHOMPSON","RB","Juwan Thompson","DEN",0,0,0,NA,NA,NA,NA,NA,6,30,0,1,3,0,NA,NA,0
"DONALDBROWN","RB","Donald Brown","SD",0,0,0,NA,NA,NA,NA,NA,8,27,0,2,16,0,NA,NA,0
"ALFREDBLUE","RB","Alfred Blue","HOU",0,0,0,NA,NA,NA,NA,NA,7,24,0,1,4,0,NA,NA,0
"DEVONTAFREEMAN","RB","Devonta Freeman","ATL",0,0,0,NA,NA,NA,NA,NA,5,24,0,2,11,0,NA,NA,0
"ANTHONYDIXON","RB","Anthony Dixon","BUF",0,0,0,NA,NA,NA,NA,NA,5,23,0,1,2,0,NA,NA,0
"BRANDENOLIVER","RB","Branden Oliver","SD",0,0,0,NA,NA,NA,NA,NA,6,23,0,3,16,0,NA,NA,0
"STORMJOHNSON","RB","Storm Johnson","JAC",0,0,0,NA,NA,NA,NA,NA,6,22,0,0,1,0,NA,NA,0
"DARRENSPROLES","RB","Darren Sproles","PHI",0,0,0,NA,NA,NA,NA,NA,4,21,0,2,15,0,NA,NA,0
"ROBERTTURBIN","RB","Robert Turbin","SEA",0,0,0,NA,NA,NA,NA,NA,5,18,0,2,12,0,NA,NA,0
"STEPFANTAYLOR","RB","Stepfan Taylor","ARI",0,0,0,NA,NA,NA,NA,NA,5,17,0,2,12,0,NA,NA,0
"CHRISTINEMICHAEL","RB","Christine Michael","SEA",0,0,0,NA,NA,NA,NA,NA,3,17,0,0,1,0,NA,NA,0
"MIKETOLBERT","RB","Mike Tolbert","CAR",0,0,0,NA,NA,NA,NA,NA,4,17,0,2,11,0,NA,NA,0
"JOEBANYARD","RB","Joe Banyard","MIN",0,0,0,NA,NA,NA,NA,NA,4,16,0,1,6,0,NA,NA,0
"SILASREDD","RB","Silas Redd","WAS",0,0,0,NA,NA,NA,NA,NA,4,15,0,1,7,0,NA,NA,0
"JONASGRAY","RB","Jonas Gray","NE",0,0,0,NA,NA,NA,NA,NA,3,14,0,0,0,0,NA,NA,0
"BENJAMINCUNNINGHAM","RB","Benjamin Cunningham","STL",0,0,0,NA,NA,NA,NA,NA,3,14,0,2,21,0,NA,NA,0
"DARRENMCFADDEN","RB","Darren McFadden","OAK",0,0,0,NA,NA,NA,NA,NA,4,14,0,2,12,0,NA,NA,0
"JACQUIZZRODGERS","RB","Jacquizz Rodgers","ATL",0,0,0,NA,NA,NA,NA,NA,3,14,0,3,14,0,NA,NA,0
"CHARLESSIMS","RB","Charles Sims","TB",0,0,0,NA,NA,NA,NA,NA,4,13,0,2,20,0,NA,NA,0
"CARLOSHYDE","RB","Carlos Hyde","SF",0,0,0,NA,NA,NA,NA,NA,4,13,0,1,8,0,NA,NA,0
"BENTATE","RB","Ben Tate","MIN",0,0,0,NA,NA,NA,NA,NA,4,13,0,0,1,0,NA,NA,0
"FOZZYWHITTAKER","RB","Fozzy Whittaker","CAR",0,0,0,NA,NA,NA,NA,NA,3,12,0,0,1,0,NA,NA,0
"SHANEVEREEN","RB","Shane Vereen","NE",0,0,0,NA,NA,NA,NA,NA,2,11,0,2,23,0,NA,NA,0
"KADEEMCAREY","RB","KaDeem Carey","CHI",0,0,0,NA,NA,NA,NA,NA,3,10,0,0,0,0,NA,NA,0
"MARCELREECE","RB","Marcel Reece","OAK",0,0,0,NA,NA,NA,NA,NA,3,10,0,5,38,0,NA,NA,0
"SHONNGREENE","RB","Shonn Greene","TEN",0,0,0,NA,NA,NA,NA,NA,2,10,0,0,0,0,NA,NA,0
"JOSEPHRANDLE","RB","Joseph Randle","DAL",0,0,0,NA,NA,NA,NA,NA,2,10,0,0,0,0,NA,NA,0
"CHRISPOLK","RB","Chris Polk","PHI",0,0,0,NA,NA,NA,NA,NA,3,9,0,0,0,0,NA,NA,0
"BRYCEBROWN","RB","Bryce Brown","BUF",0,0,0,NA,NA,NA,NA,NA,2,9,0,1,11,0,NA,NA,0
"DEXTERMCCLUSTER","RB","Dexter McCluster","TEN",0,0,0,NA,NA,NA,NA,NA,2,8,0,2,19,0,NA,NA,0
"KHIRYROBINSON","RB","Khiry Robinson","NO",0,0,0,NA,NA,NA,NA,NA,2,7,0,0,1,0,NA,NA,0
"KNILEDAVIS","RB","Knile Davis","KC",0,0,0,NA,NA,NA,NA,NA,2,6,0,1,2,0,NA,NA,0
"MAURICEJONESDREW","RB","Maurice Jones-Drew","OAK",0,0,0,NA,NA,NA,NA,NA,1,5,0,1,4,0,NA,NA,0
"MARIONGRICE","RB","Marion Grice","SD",0,0,0,NA,NA,NA,NA,NA,2,5,0,1,5,0,NA,NA,0
"ZACSTACY","RB","Zac Stacy","STL",0,0,0,NA,NA,NA,NA,NA,1,5,0,0,0,0,NA,NA,0
"JORDANTODMAN","RB","Jordan Todman","JAC",0,0,0,NA,NA,NA,NA,NA,1,4,0,2,14,0,NA,NA,0
"BRANDONBOLDEN","RB","Brandon Bolden","NE",0,0,0,NA,NA,NA,NA,NA,1,4,0,0,0,0,NA,NA,0
"DAMIENWILLIAMS","RB","Damien Williams","MIA",0,0,0,NA,NA,NA,NA,NA,1,4,0,0,1,0,NA,NA,0
"THEORIDDICK","RB","Theo Riddick","DET",0,0,0,NA,NA,NA,NA,NA,1,3,0,1,10,0,NA,NA,0
"LANCEDUNBAR","RB","Lance Dunbar","DAL",0,0,0,NA,NA,NA,NA,NA,0,3,0,2,9,0,NA,NA,0
"DEANTHONYTHOMAS","RB","DeAnthony Thomas","KC",0,0,0,NA,NA,NA,NA,NA,1,3,0,1,5,0,NA,NA,0
"JOHNKUHN","RB","John Kuhn","GB",0,0,0,NA,NA,NA,NA,NA,0,2,0,1,2,0,NA,NA,0
"BILALPOWELL","RB","Bilal Powell","NYJ",0,0,0,NA,NA,NA,NA,NA,1,2,0,1,3,0,NA,NA,0
"DANIELTHOMAS","RB","Daniel Thomas","MIA",0,0,0,NA,NA,NA,NA,NA,1,2,0,0,0,0,NA,NA,0
"DUJUANHARRIS","RB","DuJuan Harris","GB",0,0,0,NA,NA,NA,NA,NA,0,2,0,1,1,0,NA,NA,0
"LEONWASHINGTON","RB","Leon Washington","TEN",0,0,0,NA,NA,NA,NA,NA,1,2,0,2,9,0,NA,NA,0
"MIKEJAMES","RB","Mike James","TB",0,0,0,NA,NA,NA,NA,NA,3,1,0,0,0,0,NA,NA,0
"DRIARCHER","RB","Dri Archer","PIT",0,0,0,NA,NA,NA,NA,NA,1,1,0,0,0,0,NA,NA,0
"BOBBYRAINEY","RB","Bobby Rainey","TB",0,0,0,NA,NA,NA,NA,NA,0,1,0,0,0,0,NA,NA,0
"ROBERTHUGHES","RB","Robert Hughes","ARI",0,0,0,NA,NA,NA,NA,NA,1,1,0,1,10,0,NA,NA,0
"DARRELYOUNG","RB","Darrel Young","WAS",0,0,0,NA,NA,NA,NA,NA,0,1,0,1,4,0,NA,NA,0
"REXBURKHEAD","RB","Rex Burkhead","CIN",0,0,0,NA,NA,NA,NA,NA,1,0,0,0,0,0,NA,NA,0
"TONYFIAMMETTA","RB","Tony Fiammetta","CHI",0,0,0,NA,NA,NA,NA,NA,0,0,0,0,0,0,NA,NA,0
"JAYPROSCH","RB","Jay Prosch","HOU",0,0,0,NA,NA,NA,NA,NA,0,0,0,0,0,0,NA,NA,0
"JEDCOLLINS","RB","Jed Collins","DET",0,0,0,NA,NA,NA,NA,NA,0,0,0,0,0,0,NA,NA,0
"RAYAGNEW","RB","Ray Agnew","CLE",0,0,0,NA,NA,NA,NA,NA,0,0,0,0,0,0,NA,NA,0
"SENORISEPERRY","RB","Senorise Perry","CHI",0,0,0,NA,NA,NA,NA,NA,0,0,0,0,0,0,NA,NA,0
"JEROMEFELTON","RB","Jerome Felton","MIN",0,0,0,NA,NA,NA,NA,NA,0,0,0,0,0,0,NA,NA,0
"CEDRICPEERMAN","RB","Cedric Peerman","CIN",0,0,0,NA,NA,NA,NA,NA,0,0,0,0,0,0,NA,NA,0
"FRANKSUMMERS","RB","Frank Summers","BUF",0,0,0,NA,NA,NA,NA,NA,0,0,0,0,0,0,NA,NA,0
"PATRICKDIMARCO","RB","Patrick DiMarco","ATL",0,0,0,NA,NA,NA,NA,NA,0,0,0,1,2,0,NA,NA,0
"TRAVARISCADET","RB","Travaris Cadet","NO",0,0,0,NA,NA,NA,NA,NA,2,0,0,2,14,0,NA,NA,0
"ERIKLORIG","RB","Erik Lorig","NO",0,0,0,NA,NA,NA,NA,NA,0,0,0,1,0,0,NA,NA,0
"JAMIZEOLAWALE","RB","Jamize Olawale","OAK",0,0,0,NA,NA,NA,NA,NA,0,0,0,0,0,0,NA,NA,0
"WILLJOHNSON","RB","Will Johnson","PIT",0,0,0,NA,NA,NA,NA,NA,0,0,0,0,0,0,NA,NA,0
"JONATHANGRIMES","RB","Jonathan Grimes","HOU",0,0,0,NA,NA,NA,NA,NA,1,0,0,1,5,0,NA,NA,0
"KYLEJUSZCZYK","RB","Kyle Juszczyk","BAL",0,0,0,NA,NA,NA,NA,NA,0,0,0,2,9,0,NA,NA,0
"BRUCEMILLER","RB","Bruce Miller","SF",0,0,0,NA,NA,NA,NA,NA,0,0,0,1,10,0,NA,NA,0
"JAMESDEVELIN","RB","James Develin","NE",0,0,0,NA,NA,NA,NA,NA,0,0,0,0,0,0,NA,NA,0
"TYLERCLUTTS","RB","Tyler Clutts","DAL",0,0,0,NA,NA,NA,NA,NA,0,0,0,0,0,0,NA,NA,0
"ANTHONYSHERMAN","RB","Anthony Sherman","KC",0,0,0,NA,NA,NA,NA,NA,0,0,0,1,5,0,NA,NA,0
"WILLTAUFOOU","RB","Will Taufoou","JAC",0,0,0,NA,NA,NA,NA,NA,0,0,0,0,1,0,NA,NA,0
"JACKIEBATTLE","RB","Jackie Battle","TEN",0,0,0,NA,NA,NA,NA,NA,0,0,0,0,0,0,NA,NA,0
"HENRYHYNOSKI","RB","Henry Hynoski","NYG",0,0,0,NA,NA,NA,NA,NA,0,0,0,0,0,0,NA,NA,0
"ANTONIOBROWN","WR","Antonio Brown","PIT",0,0,0,NA,NA,NA,NA,NA,0,0,0,9,115,1,NA,NA,0
"TYHILTON","WR","T.Y. Hilton","IND",0,0,0,NA,NA,NA,NA,NA,0,0,0,7,106,1,NA,NA,0
"ODELLBECKHAM","WR","Odell Beckham Jr.","NYG",0,0,0,NA,NA,NA,NA,NA,1,4,0,8,100,1,NA,NA,0
"CALVINJOHNSON","WR","Calvin Johnson","DET",0,0,0,NA,NA,NA,NA,NA,0,0,0,6,98,1,NA,NA,0
"DEZBRYANT","WR","Dez Bryant","DAL",0,0,0,NA,NA,NA,NA,NA,0,0,0,6,95,1,NA,NA,0
"ALSHONJEFFERY","WR","Alshon Jeffery","CHI",0,0,0,NA,NA,NA,NA,NA,1,5,0,7,94,1,NA,NA,0
"AJGREEN","WR","A.J. Green","CIN",0,0,0,NA,NA,NA,NA,NA,0,0,0,6,93,1,NA,NA,0
"DEMARYIUSTHOMAS","WR","Demaryius Thomas","DEN",0,0,0,NA,NA,NA,NA,NA,0,0,0,7,92,1,NA,NA,0
"JORDYNELSON","WR","Jordy Nelson","GB",0,0,0,NA,NA,NA,NA,NA,0,0,0,6,91,1,NA,NA,0
"HARRYDOUGLAS","WR","Harry Douglas","ATL",0,0,0,NA,NA,NA,NA,NA,0,0,0,6,87,1,NA,NA,0
"RODDYWHITE","WR","Roddy White","ATL",0,0,0,NA,NA,NA,NA,NA,0,0,0,7,86,1,NA,NA,0
"EMMANUELSANDERS","WR","Emmanuel Sanders","DEN",0,0,0,NA,NA,NA,NA,NA,1,2,0,6,84,1,NA,NA,0
"DEANDREHOPKINS","WR","DeAndre Hopkins","HOU",0,0,0,NA,NA,NA,NA,NA,0,0,0,5,83,0,NA,NA,0
"JOSHGORDON","WR","Josh Gordon","CLE",0,0,0,NA,NA,NA,NA,NA,0,0,0,6,79,1,NA,NA,0
"JEREMYMACLIN","WR","Jeremy Maclin","PHI",0,0,0,NA,NA,NA,NA,NA,0,0,0,6,79,1,NA,NA,0
"MIKEEVANS","WR","Mike Evans","TB",0,0,0,NA,NA,NA,NA,NA,0,0,0,6,79,1,NA,NA,0
"JULIANEDELMAN","WR","Julian Edelman","NE",0,0,0,NA,NA,NA,NA,NA,1,4,0,8,78,1,NA,NA,0
"SAMMYWATKINS","WR","Sammy Watkins","BUF",0,0,0,NA,NA,NA,NA,NA,0,0,0,6,75,1,NA,NA,0
"RANDALLCOBB","WR","Randall Cobb","GB",0,0,0,NA,NA,NA,NA,NA,0,0,0,6,73,1,NA,NA,0
"VINCENTJACKSON","WR","Vincent Jackson","TB",0,0,0,NA,NA,NA,NA,NA,0,0,0,6,73,1,NA,NA,0
"DESEANJACKSON","WR","DeSean Jackson","WAS",0,0,0,NA,NA,NA,NA,NA,0,0,0,4,71,0,NA,NA,0
"STEVESMITH","WR","Steve Smith","BAL",0,0,0,NA,NA,NA,NA,NA,0,0,0,6,71,1,NA,NA,0
"MARQUESCOLSTON","WR","Marques Colston","NO",0,0,0,NA,NA,NA,NA,NA,0,0,0,5,70,1,NA,NA,0
"LARRYFITZGERALD","WR","Larry Fitzgerald","ARI",0,0,0,NA,NA,NA,NA,NA,0,0,0,6,69,1,NA,NA,0
"KELVINBENJAMIN","WR","Kelvin Benjamin","CAR",0,0,0,NA,NA,NA,NA,NA,0,0,0,5,66,1,NA,NA,0
"ERICDECKER","WR","Eric Decker","NYJ",0,0,0,NA,NA,NA,NA,NA,0,0,0,6,66,1,NA,NA,0
"KENNYSTILLS","WR","Kenny Stills","NO",0,0,0,NA,NA,NA,NA,NA,0,0,0,4,64,1,NA,NA,0
"GOLDENTATE","WR","Golden Tate","DET",0,0,0,NA,NA,NA,NA,NA,0,0,0,6,64,0,NA,NA,0
"MALCOMFLOYD","WR","Malcom Floyd","SD",0,0,0,NA,NA,NA,NA,NA,0,0,0,4,63,0,NA,NA,0
"ANQUANBOLDIN","WR","Anquan Boldin","SF",0,0,0,NA,NA,NA,NA,NA,0,0,0,6,62,1,NA,NA,0
"JORDANMATTHEWS","WR","Jordan Matthews","PHI",0,0,0,NA,NA,NA,NA,NA,0,0,0,5,60,1,NA,NA,0
"MIKEWALLACE","WR","Mike Wallace","MIA",0,0,0,NA,NA,NA,NA,NA,0,0,0,4,59,1,NA,NA,0
"MARTAVISBRYANT","WR","Martavis Bryant","PIT",0,0,0,NA,NA,NA,NA,NA,0,0,0,3,58,1,NA,NA,0
"ANDREWHAWKINS","WR","Andrew Hawkins","CLE",0,0,0,NA,NA,NA,NA,NA,0,0,0,5,57,0,NA,NA,0
"ALLENHURNS","WR","Allen Hurns","JAC",0,0,0,NA,NA,NA,NA,NA,0,0,0,4,56,1,NA,NA,0
"CHARLESJOHNSON","WR","Charles Johnson","MIN",0,0,0,NA,NA,NA,NA,NA,0,0,0,4,56,1,NA,NA,0
"MARQISELEE","WR","Marqise Lee","JAC",0,0,0,NA,NA,NA,NA,NA,0,0,0,5,55,0,NA,NA,0
"PIERREGARCON","WR","Pierre Garcon","WAS",0,0,0,NA,NA,NA,NA,NA,0,0,0,5,54,0,NA,NA,0
"DEREKHAGAN","WR","Derek Hagan","TEN",0,0,0,NA,NA,NA,NA,NA,0,0,0,5,54,1,NA,NA,0
"MICHAELFLOYD","WR","Michael Floyd","ARI",0,0,0,NA,NA,NA,NA,NA,0,0,0,4,54,0,NA,NA,0
"DONTEMONCRIEF","WR","Donte Moncrief","IND",0,0,0,NA,NA,NA,NA,NA,0,0,0,4,54,1,NA,NA,0
"KEENANALLEN","WR","Keenan Allen","SD",0,0,0,NA,NA,NA,NA,NA,0,0,0,6,53,1,NA,NA,0
"MICHAELCRABTREE","WR","Michael Crabtree","SF",0,0,0,NA,NA,NA,NA,NA,0,0,0,5,52,0,NA,NA,0
"GREGJENNINGS","WR","Greg Jennings","MIN",0,0,0,NA,NA,NA,NA,NA,0,0,0,5,52,0,NA,NA,0
"DOUGBALDWIN","WR","Doug Baldwin","SEA",0,0,0,NA,NA,NA,NA,NA,0,0,0,4,51,1,NA,NA,0
"BRANDONLAFELL","WR","Brandon LaFell","NE",0,0,0,NA,NA,NA,NA,NA,0,0,0,4,50,0,NA,NA,0
"JARVISLANDRY","WR","Jarvis Landry","MIA",0,0,0,NA,NA,NA,NA,NA,0,0,0,5,50,1,NA,NA,0
"KENNYBRITT","WR","Kenny Britt","STL",0,0,0,NA,NA,NA,NA,NA,0,0,0,4,49,0,NA,NA,0
"MOHAMEDSANU","WR","Mohamed Sanu","CIN",0,0,0,NA,NA,NA,NA,NA,1,2,0,4,49,0,NA,NA,0
"RUEBENRANDLE","WR","Rueben Randle","NYG",0,0,0,NA,NA,NA,NA,NA,0,0,0,5,48,0,NA,NA,0
"STEDMANBAILEY","WR","Stedman Bailey","STL",0,0,0,NA,NA,NA,NA,NA,0,0,0,4,47,0,NA,NA,0
"KAMARAIKEN","WR","Kamar Aiken","BAL",0,0,0,NA,NA,NA,NA,NA,0,0,0,4,46,1,NA,NA,0
"JARIUSWRIGHT","WR","Jarius Wright","MIN",0,0,0,NA,NA,NA,NA,NA,1,4,0,4,46,0,NA,NA,0
"COLEBEASLEY","WR","Cole Beasley","DAL",0,0,0,NA,NA,NA,NA,NA,0,0,0,4,46,0,NA,NA,0
"NICKTOON","WR","Nick Toon","NO",0,0,0,NA,NA,NA,NA,NA,0,0,0,4,45,0,NA,NA,0
"NATEWASHINGTON","WR","Nate Washington","TEN",0,0,0,NA,NA,NA,NA,NA,0,0,0,3,45,0,NA,NA,0
"DAVANTEADAMS","WR","Davante Adams","GB",0,0,0,NA,NA,NA,NA,NA,0,0,0,3,43,0,NA,NA,0
"MARKUSWHEATON","WR","Markus Wheaton","PIT",0,0,0,NA,NA,NA,NA,NA,0,0,0,4,43,0,NA,NA,0
"CHRISHOGAN","WR","Chris Hogan","BUF",0,0,0,NA,NA,NA,NA,NA,0,0,0,5,43,0,NA,NA,0
"ANDREHOLMES","WR","Andre Holmes","OAK",0,0,0,NA,NA,NA,NA,NA,0,0,0,4,42,0,NA,NA,0
"KESHAWNMARTIN","WR","Keshawn Martin","HOU",0,0,0,NA,NA,NA,NA,NA,0,0,0,4,40,0,NA,NA,0
"MARQUESSWILSON","WR","Marquess Wilson","CHI",0,0,0,NA,NA,NA,NA,NA,0,0,0,3,39,0,NA,NA,0
"CECILSHORTS","WR","Cecil Shorts III","JAC",0,0,0,NA,NA,NA,NA,NA,0,0,0,4,39,0,NA,NA,0
"JAMESJONES","WR","James Jones","OAK",0,0,0,NA,NA,NA,NA,NA,0,0,0,4,39,1,NA,NA,0
"JERMAINEKEARSE","WR","Jermaine Kearse","SEA",0,0,0,NA,NA,NA,NA,NA,0,0,0,3,39,0,NA,NA,0
"JOHNBROWN","WR","John Brown","ARI",0,0,0,NA,NA,NA,NA,NA,0,0,0,3,39,0,NA,NA,0
"DEVINHESTER","WR","Devin Hester","ATL",0,0,0,NA,NA,NA,NA,NA,0,0,0,3,38,0,NA,NA,0
"DWAYNEBOWE","WR","Dwayne Bowe","KC",0,0,0,NA,NA,NA,NA,NA,0,0,0,3,38,0,NA,NA,0
"PRESTONPARKER","WR","Preston Parker","NYG",0,0,0,NA,NA,NA,NA,NA,0,0,0,3,36,0,NA,NA,0
"JEREMYKERLEY","WR","Jeremy Kerley","NYJ",0,0,0,NA,NA,NA,NA,NA,0,0,0,4,35,0,NA,NA,0
"LOUISMURPHY","WR","Louis Murphy","TB",0,0,0,NA,NA,NA,NA,NA,0,0,0,4,35,0,NA,NA,0
"ROBERTWOODS","WR","Robert Woods","BUF",0,0,0,NA,NA,NA,NA,NA,0,0,0,3,35,0,NA,NA,0
"EDDIEROYAL","WR","Eddie Royal","SD",0,0,0,NA,NA,NA,NA,NA,0,0,0,4,35,0,NA,NA,0
"RILEYCOOPER","WR","Riley Cooper","PHI",0,0,0,NA,NA,NA,NA,NA,0,0,0,4,33,0,NA,NA,0
"REGGIEWAYNE","WR","Reggie Wayne","IND",0,0,0,NA,NA,NA,NA,NA,0,0,0,3,33,0,NA,NA,0
"PERCYHARVIN","WR","Percy Harvin","NYJ",0,0,0,NA,NA,NA,NA,NA,3,2,0,3,31,0,NA,NA,0
"JASONAVANT","WR","Jason Avant","CAR",0,0,0,NA,NA,NA,NA,NA,0,0,0,3,31,0,NA,NA,0
"DAMARISJOHNSON","WR","Damaris Johnson","HOU",0,0,0,NA,NA,NA,NA,NA,0,0,0,2,30,0,NA,NA,0
"WESWELKER","WR","Wes Welker","DEN",0,0,0,NA,NA,NA,NA,NA,0,0,0,3,30,0,NA,NA,0
"TORREYSMITH","WR","Torrey Smith","BAL",0,0,0,NA,NA,NA,NA,NA,0,0,0,2,30,0,NA,NA,0
"ANDREROBERTS","WR","Andre Roberts","WAS",0,0,0,NA,NA,NA,NA,NA,0,0,0,3,30,0,NA,NA,0
"ALBERTWILSON","WR","Albert Wilson","KC",0,0,0,NA,NA,NA,NA,NA,0,0,0,3,29,0,NA,NA,0
"TAYLORGABRIEL","WR","Taylor Gabriel","CLE",0,0,0,NA,NA,NA,NA,NA,0,0,0,2,29,0,NA,NA,0
"JERRICHOCOTCHERY","WR","Jerricho Cotchery","CAR",0,0,0,NA,NA,NA,NA,NA,0,0,0,3,28,0,NA,NA,0
"BRIANHARTLINE","WR","Brian Hartline","MIA",0,0,0,NA,NA,NA,NA,NA,0,0,0,3,28,0,NA,NA,0
"JACOBYJONES","WR","Jacoby Jones","BAL",0,0,0,NA,NA,NA,NA,NA,0,0,0,2,26,0,NA,NA,0
"PHILLYBROWN","WR","Philly Brown","CAR",0,0,0,NA,NA,NA,NA,NA,0,0,0,2,24,0,NA,NA,0
"JARONBROWN","WR","Jaron Brown","ARI",0,0,0,NA,NA,NA,NA,NA,0,0,0,2,23,0,NA,NA,0
"JEREMYROSS","WR","Jeremy Ross","DET",0,0,0,NA,NA,NA,NA,NA,0,0,0,2,21,0,NA,NA,0
"TAVONAUSTIN","WR","Tavon Austin","STL",0,0,0,NA,NA,NA,NA,NA,2,8,0,3,20,0,NA,NA,0
"TERRANCEWILLIAMS","WR","Terrance Williams","DAL",0,0,0,NA,NA,NA,NA,NA,0,0,0,1,19,0,NA,NA,0
"ERICWEEMS","WR","Eric Weems","ATL",0,0,0,NA,NA,NA,NA,NA,0,0,0,2,19,0,NA,NA,0
"MARLONBROWN","WR","Marlon Brown","BAL",0,0,0,NA,NA,NA,NA,NA,0,0,0,2,18,0,NA,NA,0
"PAULRICHARDSON","WR","Paul Richardson","SEA",0,0,0,NA,NA,NA,NA,NA,0,0,0,2,17,0,NA,NA,0
"BRANDONGIBSON","WR","Brandon Gibson","MIA",0,0,0,NA,NA,NA,NA,NA,0,0,0,2,17,0,NA,NA,0
"JOSHMORGAN","WR","Josh Morgan","CHI",0,0,0,NA,NA,NA,NA,NA,0,0,0,2,17,0,NA,NA,0
"HAKEEMNICKS","WR","Hakeem Nicks","IND",0,0,0,NA,NA,NA,NA,NA,0,0,0,1,16,0,NA,NA,0
"TRAVISBENJAMIN","WR","Travis Benjamin","CLE",0,0,0,NA,NA,NA,NA,NA,0,0,0,1,15,0,NA,NA,0
"CORDARRELLEPATTERSON","WR","Cordarrelle Patterson","MIN",0,0,0,NA,NA,NA,NA,NA,1,3,0,2,15,0,NA,NA,0
"BRICEBUTLER","WR","Brice Butler","OAK",0,0,0,NA,NA,NA,NA,NA,0,0,0,1,14,0,NA,NA,0
"LANCEMOORE","WR","Lance Moore","PIT",0,0,0,NA,NA,NA,NA,NA,0,0,0,1,14,0,NA,NA,0
"GREGLITTLE","WR","Greg Little","CIN",0,0,0,NA,NA,NA,NA,NA,0,0,0,1,13,0,NA,NA,0
"KRISDURHAM","WR","Kris Durham","TEN",0,0,0,NA,NA,NA,NA,NA,0,0,0,1,13,0,NA,NA,0
"RICARDOLOCKETTE","WR","Ricardo Lockette","SEA",0,0,0,NA,NA,NA,NA,NA,0,0,0,1,12,0,NA,NA,0
"RISHARDMATTHEWS","WR","Rishard Matthews","MIA",0,0,0,NA,NA,NA,NA,NA,0,0,0,1,12,0,NA,NA,0
"DEVIERPOSEY","WR","DeVier Posey","HOU",0,0,0,NA,NA,NA,NA,NA,0,0,0,1,12,0,NA,NA,0
"DANNYAMENDOLA","WR","Danny Amendola","NE",0,0,0,NA,NA,NA,NA,NA,0,0,0,1,11,0,NA,NA,0
"TEDGINN","WR","Ted Ginn Jr.","ARI",0,0,0,NA,NA,NA,NA,NA,0,0,0,1,11,0,NA,NA,0
"VINCENTBROWN","WR","Vincent Brown","OAK",0,0,0,NA,NA,NA,NA,NA,0,0,0,1,11,0,NA,NA,0
"COREYFULLER","WR","Corey Fuller","DET",0,0,0,NA,NA,NA,NA,NA,0,0,0,1,10,0,NA,NA,0
"ROBERTMEACHEM","WR","Robert Meachem","NO",0,0,0,NA,NA,NA,NA,NA,0,0,0,1,10,0,NA,NA,0
"CHRISOWUSU","WR","Chris Owusu","NYJ",0,0,0,NA,NA,NA,NA,NA,0,0,0,1,10,0,NA,NA,0
"BRANDONTATE","WR","Brandon Tate","CIN",0,0,0,NA,NA,NA,NA,NA,0,0,0,1,9,0,NA,NA,0
"MARQUISEGOODWIN","WR","Marquise Goodwin","BUF",0,0,0,NA,NA,NA,NA,NA,0,0,0,1,9,0,NA,NA,0
"SANTANAMOSS","WR","Santana Moss","WAS",0,0,0,NA,NA,NA,NA,NA,0,0,0,1,7,0,NA,NA,0
"ACESANDERS","WR","Ace Sanders","JAC",0,0,0,NA,NA,NA,NA,NA,0,0,0,1,7,0,NA,NA,0
"KEVINOGLETREE","WR","Kevin Ogletree","DET",0,0,0,NA,NA,NA,NA,NA,0,0,0,1,6,0,NA,NA,0
"RYANGRANT","WR","Ryan Grant","WAS",0,0,0,NA,NA,NA,NA,NA,0,0,0,1,6,0,NA,NA,0
"JARRETTBOYKIN","WR","Jarrett Boykin","GB",0,0,0,NA,NA,NA,NA,NA,0,0,0,1,6,0,NA,NA,0
"KENBRELLTHOMPKINS","WR","Kenbrell Thompkins","OAK",0,0,0,NA,NA,NA,NA,NA,0,0,0,1,5,0,NA,NA,0
"KEVINNORWOOD","WR","Kevin Norwood","SEA",0,0,0,NA,NA,NA,NA,NA,0,0,0,1,5,0,NA,NA,0
"CHRISGIVENS","WR","Chris Givens","STL",0,0,0,NA,NA,NA,NA,NA,0,0,0,0,3,0,NA,NA,0
"ANDRECALDWELL","WR","Andre Caldwell","DEN",0,0,0,NA,NA,NA,NA,NA,0,0,0,0,3,0,NA,NA,0
"QUINTONPATTON","WR","Quinton Patton","SF",0,0,0,NA,NA,NA,NA,NA,0,0,0,0,2,0,NA,NA,0
"RYANBROYLES","WR","Ryan Broyles","DET",0,0,0,NA,NA,NA,NA,NA,0,0,0,0,2,0,NA,NA,0
"SAALIMHAKIM","WR","Saalim Hakim","NYJ",0,0,0,NA,NA,NA,NA,NA,0,0,0,0,2,0,NA,NA,0
"BRENTONBERSIN","WR","Brenton Bersin","CAR",0,0,0,NA,NA,NA,NA,NA,0,0,0,0,2,0,NA,NA,0
"DARRIUSHEYWARDBEY","WR","Darrius Heyward-Bey","PIT",0,0,0,NA,NA,NA,NA,NA,0,0,0,0,2,0,NA,NA,0
"BRUCEELLINGTON","WR","Bruce Ellington","SF",0,0,0,NA,NA,NA,NA,NA,0,0,0,0,1,0,NA,NA,0
"BRANDONLLOYD","WR","Brandon Lloyd","SF",0,0,0,NA,NA,NA,NA,NA,0,0,0,0,1,0,NA,NA,0
"ROBERTHERRON","WR","Robert Herron","TB",0,0,0,NA,NA,NA,NA,NA,0,0,0,0,1,0,NA,NA,0
"MICHAELCAMPANARO","WR","Michael Campanaro","BAL",0,0,0,NA,NA,NA,NA,NA,0,0,0,0,1,0,NA,NA,0
"JOSHHUFF","WR","Josh Huff","PHI",0,0,0,NA,NA,NA,NA,NA,0,0,0,0,1,0,NA,NA,0
"DEVINSTREET","WR","Devin Street","DAL",0,0,0,NA,NA,NA,NA,NA,0,0,0,0,1,0,NA,NA,0
"JUNIORHEMINGWAY","WR","Junior Hemingway","KC",0,0,0,NA,NA,NA,NA,NA,0,0,0,0,1,0,NA,NA,0
"RUSSELLSHEPARD","WR","Russell Shepard","TB",0,0,0,NA,NA,NA,NA,NA,0,0,0,0,1,0,NA,NA,0
"DWAYNEHARRIS","WR","Dwayne Harris","DAL",0,0,0,NA,NA,NA,NA,NA,0,0,0,0,1,0,NA,NA,0
"JAREDABBREDERIS","WR","Jared Abbrederis","GB",0,0,0,NA,NA,NA,NA,NA,0,0,0,0,0,0,NA,NA,0
"KRISADAMS","WR","Kris Adams","NYG",0,0,0,NA,NA,NA,NA,NA,0,0,0,0,0,0,NA,NA,0
"DONTRELLEINMAN","WR","Dontrelle Inman","SD",0,0,0,NA,NA,NA,NA,NA,0,0,0,0,0,0,NA,NA,0
"FRANKIEHAMMOND","WR","Frankie Hammond","KC",0,0,0,NA,NA,NA,NA,NA,0,0,0,0,0,0,NA,NA,0
"DANESANZENBACHER","WR","Dane Sanzenbacher","CIN",0,0,0,NA,NA,NA,NA,NA,0,0,0,0,0,0,NA,NA,0
"TJGRAHAM","WR","T.J. Graham","TEN",0,0,0,NA,NA,NA,NA,NA,0,0,0,0,0,0,NA,NA,0
"JEFFMAEHL","WR","Jeff Maehl","PHI",0,0,0,NA,NA,NA,NA,NA,0,0,0,0,0,0,NA,NA,0
"MATTHEWSLATER","WR","Matthew Slater","NE",0,0,0,NA,NA,NA,NA,NA,0,0,0,0,0,0,NA,NA,0
"BRADSMITH","WR","Brad Smith","PHI",0,0,0,NA,NA,NA,NA,NA,0,0,0,0,0,0,NA,NA,0
"JAMESWRIGHT","WR","James Wright","CIN",0,0,0,NA,NA,NA,NA,NA,0,0,0,0,0,0,NA,NA,0
"JALENSAUNDERS","WR","Jalen Saunders","NYJ",0,0,0,NA,NA,NA,NA,NA,0,0,0,0,0,0,NA,NA,0
"ISAIAHBURSE","WR","Isaiah Burse","DEN",0,0,0,NA,NA,NA,NA,NA,0,0,0,0,0,0,NA,NA,0
"MARCUSEASLEY","WR","Marcus Easley","BUF",0,0,0,NA,NA,NA,NA,NA,0,0,0,0,0,0,NA,NA,0
"MARCMARIANI","WR","Marc Mariani","TEN",0,0,0,NA,NA,NA,NA,NA,0,0,0,0,0,0,NA,NA,0
"WALTPOWELL","WR","Walt Powell","NYJ",0,0,0,NA,NA,NA,NA,NA,0,0,0,0,0,0,NA,NA,0
"COREYWASHINGTON","WR","Corey Washington","NYG",0,0,0,NA,NA,NA,NA,NA,0,0,0,0,0,0,NA,NA,0
"SEYIAJIROTUTU","WR","Seyi Ajirotutu","SD",0,0,0,NA,NA,NA,NA,NA,0,0,0,0,0,0,NA,NA,0
"ADAMTHIELEN","WR","Adam Thielen","MIN",0,0,0,NA,NA,NA,NA,NA,0,0,0,0,0,0,NA,NA,0
"JUSTINBROWN","WR","Justin Brown","PIT",0,0,0,NA,NA,NA,NA,NA,0,0,0,0,0,0,NA,NA,0
"JEFFJANIS","WR","Jeff Janis","GB",0,0,0,NA,NA,NA,NA,NA,0,0,0,0,0,0,NA,NA,0
"JIMMYGRAHAM","TE","Jimmy Graham","NO",0,0,0,NA,NA,NA,NA,NA,0,0,0,6,83,1,NA,NA,0
"COBYFLEENER","TE","Coby Fleener","IND",0,0,0,NA,NA,NA,NA,NA,0,0,0,7,78,0,NA,NA,0
"ROBGRONKOWSKI","TE","Rob Gronkowski","NE",0,0,0,NA,NA,NA,NA,NA,0,0,0,6,73,1,NA,NA,0
"JULIUSTHOMAS","TE","Julius Thomas","DEN",0,0,0,NA,NA,NA,NA,NA,0,0,0,6,71,1,NA,NA,0
"GREGOLSEN","TE","Greg Olsen","CAR",0,0,0,NA,NA,NA,NA,NA,0,0,0,5,65,1,NA,NA,0
"MARTELLUSBENNETT","TE","Martellus Bennett","CHI",0,0,0,NA,NA,NA,NA,NA,0,0,0,6,65,1,NA,NA,0
"DELANIEWALKER","TE","Delanie Walker","TEN",0,0,0,NA,NA,NA,NA,NA,0,0,0,6,61,1,NA,NA,0
"MYCHALRIVERA","TE","Mychal Rivera","OAK",0,0,0,NA,NA,NA,NA,NA,0,0,0,6,60,0,NA,NA,0
"HEATHMILLER","TE","Heath Miller","PIT",0,0,0,NA,NA,NA,NA,NA,0,0,0,5,55,0,NA,NA,0
"JASONWITTEN","TE","Jason Witten","DAL",0,0,0,NA,NA,NA,NA,NA,0,0,0,5,54,1,NA,NA,0
"LARRYDONNELL","TE","Larry Donnell","NYG",0,0,0,NA,NA,NA,NA,NA,0,0,0,5,50,1,NA,NA,0
"TRAVISKELCE","TE","Travis Kelce","KC",0,0,0,NA,NA,NA,NA,NA,0,0,0,3,49,1,NA,NA,0
"VERNONDAVIS","TE","Vernon Davis","SF",0,0,0,NA,NA,NA,NA,NA,0,0,0,4,44,0,NA,NA,0
"JORDANCAMERON","TE","Jordan Cameron","CLE",0,0,0,NA,NA,NA,NA,NA,0,0,0,4,44,0,NA,NA,0
"ZACHERTZ","TE","Zach Ertz","PHI",0,0,0,NA,NA,NA,NA,NA,0,0,0,4,42,1,NA,NA,0
"ANTONIOGATES","TE","Antonio Gates","SD",0,0,0,NA,NA,NA,NA,NA,0,0,0,4,41,1,NA,NA,0
"JORDANREED","TE","Jordan Reed","WAS",0,0,0,NA,NA,NA,NA,NA,0,0,0,4,40,1,NA,NA,0
"OWENDANIELS","TE","Owen Daniels","BAL",0,0,0,NA,NA,NA,NA,NA,0,0,0,4,39,1,NA,NA,0
"CHARLESCLAY","TE","Charles Clay","MIA",0,0,0,NA,NA,NA,NA,NA,0,0,0,3,37,0,NA,NA,0
"SCOTTCHANDLER","TE","Scott Chandler","BUF",0,0,0,NA,NA,NA,NA,NA,0,0,0,3,35,0,NA,NA,0
"DWAYNEALLEN","TE","Dwayne Allen","IND",0,0,0,NA,NA,NA,NA,NA,0,0,0,3,35,1,NA,NA,0
"MARCEDESLEWIS","TE","Marcedes Lewis","JAC",0,0,0,NA,NA,NA,NA,NA,0,0,0,3,34,0,NA,NA,0
"JACEAMARO","TE","Jace Amaro","NYJ",0,0,0,NA,NA,NA,NA,NA,0,0,0,4,34,1,NA,NA,0
"LEVINETOILOLO","TE","Levine Toilolo","ATL",0,0,0,NA,NA,NA,NA,NA,0,0,0,3,31,0,NA,NA,0
"CLAYHARBOR","TE","Clay Harbor","JAC",0,0,0,NA,NA,NA,NA,NA,0,0,0,4,30,0,NA,NA,0
"ERICEBRON","TE","Eric Ebron","DET",0,0,0,NA,NA,NA,NA,NA,0,0,0,3,30,0,NA,NA,0
"KYLERUDOLPH","TE","Kyle Rudolph","MIN",0,0,0,NA,NA,NA,NA,NA,0,0,0,3,30,1,NA,NA,0
"JAREDCOOK","TE","Jared Cook","STL",0,0,0,NA,NA,NA,NA,NA,0,0,0,3,29,0,NA,NA,0
"BRANDONPETTIGREW","TE","Brandon Pettigrew","DET",0,0,0,NA,NA,NA,NA,NA,0,0,0,3,28,0,NA,NA,0
"ANDREWQUARLESS","TE","Andrew Quarless","GB",0,0,0,NA,NA,NA,NA,NA,0,0,0,3,28,1,NA,NA,0
"BRENTCELEK","TE","Brent Celek","PHI",0,0,0,NA,NA,NA,NA,NA,0,0,0,2,25,0,NA,NA,0
"RICHARDRODGERS","TE","Richard Rodgers","GB",0,0,0,NA,NA,NA,NA,NA,0,0,0,2,24,0,NA,NA,0
"ANTHONYFASANO","TE","Anthony Fasano","KC",0,0,0,NA,NA,NA,NA,NA,0,0,0,2,22,0,NA,NA,0
"AUSTINSEFERIANJENKINS","TE","Austin Seferian-Jenkins","TB",0,0,0,NA,NA,NA,NA,NA,0,0,0,2,18,0,NA,NA,0
"JEFFCUMBERLAND","TE","Jeff Cumberland","NYJ",0,0,0,NA,NA,NA,NA,NA,0,0,0,2,18,0,NA,NA,0
"EDDICKSON","TE","Ed Dickson","CAR",0,0,0,NA,NA,NA,NA,NA,0,0,0,2,18,0,NA,NA,0
"TONYMOEAKI","TE","Tony Moeaki","SEA",0,0,0,NA,NA,NA,NA,NA,0,0,0,2,18,0,NA,NA,0
"LUKEWILLSON","TE","Luke Willson","SEA",0,0,0,NA,NA,NA,NA,NA,0,0,0,1,17,0,NA,NA,0
"TIMWRIGHT","TE","Tim Wright","NE",0,0,0,NA,NA,NA,NA,NA,0,0,0,2,15,0,NA,NA,0
"NILESPAUL","TE","Niles Paul","WAS",0,0,0,NA,NA,NA,NA,NA,0,0,0,1,14,0,NA,NA,0
"LANCEKENDRICKS","TE","Lance Kendricks","STL",0,0,0,NA,NA,NA,NA,NA,0,0,0,2,14,0,NA,NA,0
"RYANGRIFFIN","TE","Ryan Griffin","HOU",0,0,0,NA,NA,NA,NA,NA,0,0,0,1,14,0,NA,NA,0
"BRANDONMYERS","TE","Brandon Myers","TB",0,0,0,NA,NA,NA,NA,NA,0,0,0,2,13,0,NA,NA,0
"JIMDRAY","TE","Jim Dray","CLE",0,0,0,NA,NA,NA,NA,NA,0,0,0,2,13,0,NA,NA,0
"JOHNCARLSON","TE","John Carlson","ARI",0,0,0,NA,NA,NA,NA,NA,0,0,0,1,13,0,NA,NA,0
"CJFIEDOROWICZ","TE","C.J. Fiedorowicz","HOU",0,0,0,NA,NA,NA,NA,NA,0,0,0,1,12,0,NA,NA,0
"LUKESTOCKER","TE","Luke Stocker","TB",0,0,0,NA,NA,NA,NA,NA,0,0,0,1,10,0,NA,NA,0
"JOSHHILL","TE","Josh Hill","NO",0,0,0,NA,NA,NA,NA,NA,0,0,0,1,9,0,NA,NA,0
"BENJAMINWATSON","TE","Benjamin Watson","NO",0,0,0,NA,NA,NA,NA,NA,0,0,0,1,8,0,NA,NA,0
"KEVINBROCK","TE","Kevin Brock","CIN",0,0,0,NA,NA,NA,NA,NA,0,0,0,1,7,0,NA,NA,0
"COOPERHELFET","TE","Cooper Helfet","SEA",0,0,0,NA,NA,NA,NA,NA,0,0,0,1,7,0,NA,NA,0
"DIONSIMS","TE","Dion Sims","MIA",0,0,0,NA,NA,NA,NA,NA,0,0,0,1,7,0,NA,NA,0
"GAVINESCOBAR","TE","Gavin Escobar","DAL",0,0,0,NA,NA,NA,NA,NA,0,0,0,1,7,0,NA,NA,0
"ROBHOUSLER","TE","Rob Housler","ARI",0,0,0,NA,NA,NA,NA,NA,0,0,0,1,7,0,NA,NA,0
"BRANDONBOSTICK","TE","Brandon Bostick","GB",0,0,0,NA,NA,NA,NA,NA,0,0,0,1,7,0,NA,NA,0
"JAMESCASEY","TE","James Casey","PHI",0,0,0,NA,NA,NA,NA,NA,0,0,0,1,7,0,NA,NA,0
"ZACHSUDFELD","TE","Zach Sudfeld","NYJ",0,0,0,NA,NA,NA,NA,NA,0,0,0,1,6,0,NA,NA,0
"RHETTELLISON","TE","Rhett Ellison","MIN",0,0,0,NA,NA,NA,NA,NA,0,0,0,1,6,0,NA,NA,0
"LOGANPAULSEN","TE","Logan Paulsen","WAS",0,0,0,NA,NA,NA,NA,NA,0,0,0,1,6,0,NA,NA,0
"DANTEROSARIO","TE","Dante Rosario","CHI",0,0,0,NA,NA,NA,NA,NA,0,0,0,1,6,0,NA,NA,0
"DANIELFELLS","TE","Daniel Fells","NYG",0,0,0,NA,NA,NA,NA,NA,0,0,0,1,5,0,NA,NA,0
"CHASECOFFMAN","TE","Chase Coffman","TEN",0,0,0,NA,NA,NA,NA,NA,0,0,0,1,5,0,NA,NA,0
"VIRGILGREEN","TE","Virgil Green","DEN",0,0,0,NA,NA,NA,NA,NA,0,0,0,1,5,0,NA,NA,0
"JACKDOYLE","TE","Jack Doyle","IND",0,0,0,NA,NA,NA,NA,NA,0,0,0,1,3,0,NA,NA,0
"JOHNPHILLIPS","TE","John Phillips","SD",0,0,0,NA,NA,NA,NA,NA,0,0,0,1,3,0,NA,NA,0
"CHASEFORD","TE","Chase Ford","MIN",0,0,0,NA,NA,NA,NA,NA,0,0,0,1,3,0,NA,NA,0
"MATTSPAETH","TE","Matt Spaeth","PIT",0,0,0,NA,NA,NA,NA,NA,0,0,0,0,1,0,NA,NA,0
"LEESMITH","TE","Lee Smith","BUF",0,0,0,NA,NA,NA,NA,NA,0,0,0,0,1,0,NA,NA,0
"JAMESHANNA","TE","James Hanna","DAL",0,0,0,NA,NA,NA,NA,NA,0,0,0,1,1,0,NA,NA,0
"CORYHARKEY","TE","Cory Harkey","STL",0,0,0,NA,NA,NA,NA,NA,0,0,0,1,1,0,NA,NA,0
"BEARPASCOE","TE","Bear Pascoe","ATL",0,0,0,NA,NA,NA,NA,NA,0,0,0,1,1,0,NA,NA,0
"CAMBRATE","TE","Cam Brate","TB",0,0,0,NA,NA,NA,NA,NA,0,0,0,0,1,0,NA,NA,0
"JOELDREESSEN","TE","Joel Dreessen","DEN",0,0,0,NA,NA,NA,NA,NA,0,0,0,0,0,0,NA,NA,0
"KELLENDAVIS","TE","Kellen Davis","DET",0,0,0,NA,NA,NA,NA,NA,0,0,0,0,0,0,NA,NA,0
"BRANDONWILLIAMS","TE","Brandon Williams","CAR",0,0,0,NA,NA,NA,NA,NA,0,0,0,0,0,0,NA,NA,0
"NATHANOVERBAY","TE","Nathan Overbay","BAL",0,0,0,NA,NA,NA,NA,NA,0,0,0,0,0,0,NA,NA,0
"ALEXSMITH","TE","Alex Smith","CIN",0,0,0,NA,NA,NA,NA,NA,0,0,0,0,0,0,NA,NA,0
"NICJACOBS","TE","Nic Jacobs","NO",0,0,0,NA,NA,NA,NA,NA,0,0,0,0,0,0,NA,NA,0
"CROCKETTGILLMORE","TE","Crockett Gillmore","BAL",0,0,0,NA,NA,NA,NA,NA,0,0,0,1,0,0,NA,NA,0
"RYANHEWITT","TE","Ryan Hewitt","CIN",0,0,0,NA,NA,NA,NA,NA,0,0,0,0,0,0,NA,NA,0
"MATTHEWMULLIGAN","TE","Matthew Mulligan","CHI",0,0,0,NA,NA,NA,NA,NA,0,0,0,0,0,0,NA,NA,0
"ERIKSWOOPE","TE","Erik Swoope","IND",0,0,0,NA,NA,NA,NA,NA,0,0,0,0,0,0,NA,NA,0
"MICHAELHOOMANAWANUI","TE","Michael Hoomanawanui","NE",0,0,0,NA,NA,NA,NA,NA,0,0,0,0,0,0,NA,NA,0
"CRAIGSTEVENS","TE","Craig Stevens","TEN",0,0,0,NA,NA,NA,NA,NA,0,0,0,0,0,0,NA,NA,0
"TAYLORTHOMPSON","TE","Taylor Thompson","TEN",0,0,0,NA,NA,NA,NA,NA,0,0,0,0,0,0,NA,NA,0
"RYANTAYLOR","TE","Ryan Taylor","GB",0,0,0,NA,NA,NA,NA,NA,0,0,0,0,0,0,NA,NA,0
"GARRETTCELEK","TE","Garrett Celek","SF",0,0,0,NA,NA,NA,NA,NA,0,0,0,0,0,0,NA,NA,0
"CHRISGRAGG","TE","Chris Gragg","BUF",0,0,0,NA,NA,NA,NA,NA,0,0,0,0,0,0,NA,NA,0
"DEREKCARRIER","TE","Derek Carrier","SF",0,0,0,NA,NA,NA,NA,NA,0,0,0,0,0,0,NA,NA,0
"ADRIENROBINSON","TE","Adrien Robinson","NYG",0,0,0,NA,NA,NA,NA,NA,0,0,0,0,0,0,NA,NA,0
"ANTHONYMCCOY","TE","Anthony McCoy","SEA",0,0,0,NA,NA,NA,NA,NA,0,0,0,0,0,0,NA,NA,0
"DAVIDJOHNSON","TE","David Johnson","SD",0,0,0,NA,NA,NA,NA,NA,0,0,0,0,0,0,NA,NA,0
"DEMETRIUSHARRIS","TE","Demetrius Harris","KC",0,0,0,NA,NA,NA,NA,NA,0,0,0,0,0,0,NA,NA,0
"MICHAELPALMER","TE","Michael Palmer","PIT",0,0,0,NA,NA,NA,NA,NA,0,0,0,0,0,0,NA,NA,0
"DARRENFELLS","TE","Darren Fells","ARI",0,0,0,NA,NA,NA,NA,NA,0,0,0,0,0,0,NA,NA,0
"ZACHMILLER","TE","Zach Miller","CHI",0,0,0,NA,NA,NA,NA,NA,0,0,0,0,0,0,NA,NA,0
"TYLEREIFERT","TE","Tyler Eifert","CIN",0,0,0,NA,NA,NA,NA,NA,0,0,0,0,0,0,NA,NA,0
"KEVINGREENE","TE","Kevin Greene","SF",0,0,0,NA,NA,NA,NA,NA,0,0,0,0,0,0,NA,NA,0
"SHAYNEGRAHAM","K","Shayne Graham","NO",0,0,0,NA,NA,NA,NA,NA,NA,NA,NA,NA,NA,NA,NA,NA,NA
"CONNORBARTH","K","Connor Barth","DEN",0,0,0,NA,NA,NA,NA,NA,NA,NA,NA,NA,NA,NA,NA,NA,NA
"CODYPARKEY","K","Cody Parkey","PHI",0,0,0,NA,NA,NA,NA,NA,NA,NA,NA,NA,NA,NA,NA,NA,NA
"CAIROSANTOS","K","Cairo Santos","KC",0,0,0,NA,NA,NA,NA,NA,NA,NA,NA,NA,NA,NA,NA,NA,NA
"JUSTINTUCKER","K","Justin Tucker","BAL",0,0,0,NA,NA,NA,NA,NA,NA,NA,NA,NA,NA,NA,NA,NA,NA
"RANDYBULLOCK","K","Randy Bullock","HOU",0,0,0,NA,NA,NA,NA,NA,NA,NA,NA,NA,NA,NA,NA,NA,NA
"DANBAILEY","K","Dan Bailey","DAL",0,0,0,NA,NA,NA,NA,NA,NA,NA,NA,NA,NA,NA,NA,NA,NA
"GRAHAMGANO","K","Graham Gano","CAR",0,0,0,NA,NA,NA,NA,NA,NA,NA,NA,NA,NA,NA,NA,NA,NA
"ADAMVINATIERI","K","Adam Vinatieri","IND",0,0,0,NA,NA,NA,NA,NA,NA,NA,NA,NA,NA,NA,NA,NA,NA
"STEPHENGOSTKOWSKI","K","Stephen Gostkowski","NE",0,0,0,NA,NA,NA,NA,NA,NA,NA,NA,NA,NA,NA,NA,NA,NA
"JOSHBROWN","K","Josh Brown","NYG",0,0,0,NA,NA,NA,NA,NA,NA,NA,NA,NA,NA,NA,NA,NA,NA
"JAYFEELY","K","Jay Feely","CHI",0,0,0,NA,NA,NA,NA,NA,NA,NA,NA,NA,NA,NA,NA,NA,NA
"MATTBRYANT","K","Matt Bryant","ATL",0,0,0,NA,NA,NA,NA,NA,NA,NA,NA,NA,NA,NA,NA,NA,NA
"MASONCROSBY","K","Mason Crosby","GB",0,0,0,NA,NA,NA,NA,NA,NA,NA,NA,NA,NA,NA,NA,NA,NA
"PHILDAWSON","K","Phil Dawson","SF",0,0,0,NA,NA,NA,NA,NA,NA,NA,NA,NA,NA,NA,NA,NA,NA
"GREGZUERLEIN","K","Greg Zuerlein","STL",0,0,0,NA,NA,NA,NA,NA,NA,NA,NA,NA,NA,NA,NA,NA,NA
"DANCARPENTER","K","Dan Carpenter","BUF",0,0,0,NA,NA,NA,NA,NA,NA,NA,NA,NA,NA,NA,NA,NA,NA
"CALEBSTURGIS","K","Caleb Sturgis","MIA",0,0,0,NA,NA,NA,NA,NA,NA,NA,NA,NA,NA,NA,NA,NA,NA
"CHANDLERCATANZARO","K","Chandler Catanzaro","ARI",0,0,0,NA,NA,NA,NA,NA,NA,NA,NA,NA,NA,NA,NA,NA,NA
"PATRICKMURRAY","K","Patrick Murray","TB",0,0,0,NA,NA,NA,NA,NA,NA,NA,NA,NA,NA,NA,NA,NA,NA
"BILLYCUNDIFF","K","Billy Cundiff","CLE",0,0,0,NA,NA,NA,NA,NA,NA,NA,NA,NA,NA,NA,NA,NA,NA
"STEVENHAUSCHKA","K","Steven Hauschka","SEA",0,0,0,NA,NA,NA,NA,NA,NA,NA,NA,NA,NA,NA,NA,NA,NA
"NICKFOLK","K","Nick Folk","NYJ",0,0,0,NA,NA,NA,NA,NA,NA,NA,NA,NA,NA,NA,NA,NA,NA
"MIKENUGENT","K","Mike Nugent","CIN",0,0,0,NA,NA,NA,NA,NA,NA,NA,NA,NA,NA,NA,NA,NA,NA
"SHAUNSUISHAM","K","Shaun Suisham","PIT",0,0,0,NA,NA,NA,NA,NA,NA,NA,NA,NA,NA,NA,NA,NA,NA
"MATTPRATER","K","Matt Prater","DET",0,0,0,NA,NA,NA,NA,NA,NA,NA,NA,NA,NA,NA,NA,NA,NA
"SEBASTIANJANIKOWSKI","K","Sebastian Janikowski","OAK",0,0,0,NA,NA,NA,NA,NA,NA,NA,NA,NA,NA,NA,NA,NA,NA
"JOSHSCOBEE","K","Josh Scobee","JAC",0,0,0,NA,NA,NA,NA,NA,NA,NA,NA,NA,NA,NA,NA,NA,NA
"BLAIRWALSH","K","Blair Walsh","MIN",0,0,0,NA,NA,NA,NA,NA,NA,NA,NA,NA,NA,NA,NA,NA,NA
"NICKNOVAK","K","Nick Novak","SD",0,0,0,NA,NA,NA,NA,NA,NA,NA,NA,NA,NA,NA,NA,NA,NA
"KAIFORBATH","K","Kai Forbath","WAS",0,0,0,NA,NA,NA,NA,NA,NA,NA,NA,NA,NA,NA,NA,NA,NA
"RYANSUCCOP","K","Ryan Succop","TEN",0,0,0,NA,NA,NA,NA,NA,NA,NA,NA,NA,NA,NA,NA,NA,NA
"SEATTLESEAHAWKS","DST","Seattle Seahawks",NA,0,0,0,NA,NA,NA,NA,NA,NA,NA,NA,NA,NA,NA,NA,NA,NA
"CAROLINAPANTHERS","DST","Carolina Panthers",NA,0,0,0,NA,NA,NA,NA,NA,NA,NA,NA,NA,NA,NA,NA,NA,NA
"STLOUISRAMS","DST","St. Louis Rams",NA,0,0,0,NA,NA,NA,NA,NA,NA,NA,NA,NA,NA,NA,NA,NA,NA
"BALTIMORERAVENS","DST","Baltimore Ravens",NA,0,0,0,NA,NA,NA,NA,NA,NA,NA,NA,NA,NA,NA,NA,NA,NA
"NEWYORKJETS","DST","New York Jets",NA,0,0,0,NA,NA,NA,NA,NA,NA,NA,NA,NA,NA,NA,NA,NA,NA
"NEWYORKGIANTS","DST","New York Giants",NA,0,0,0,NA,NA,NA,NA,NA,NA,NA,NA,NA,NA,NA,NA,NA,NA
"KANSASCITYCHIEFS","DST","Kansas City Chiefs",NA,0,0,0,NA,NA,NA,NA,NA,NA,NA,NA,NA,NA,NA,NA,NA,NA
"DETROITLIONS","DST","Detroit Lions",NA,0,0,0,NA,NA,NA,NA,NA,NA,NA,NA,NA,NA,NA,NA,NA,NA
"GREENBAYPACKERS","DST","Green Bay Packers",NA,0,0,0,NA,NA,NA,NA,NA,NA,NA,NA,NA,NA,NA,NA,NA,NA
"NEWENGLANDPATRIOTS","DST","New England Patriots",NA,0,0,0,NA,NA,NA,NA,NA,NA,NA,NA,NA,NA,NA,NA,NA,NA
"TENNESSEETITANS","DST","Tennessee Titans",NA,0,0,0,NA,NA,NA,NA,NA,NA,NA,NA,NA,NA,NA,NA,NA,NA
"ARIZONACARDINALS","DST","Arizona Cardinals",NA,0,0,0,NA,NA,NA,NA,NA,NA,NA,NA,NA,NA,NA,NA,NA,NA
"CINCINNATIBENGALS","DST","Cincinnati Bengals",NA,0,0,0,NA,NA,NA,NA,NA,NA,NA,NA,NA,NA,NA,NA,NA,NA
"INDIANAPOLISCOLTS","DST","Indianapolis Colts",NA,0,0,0,NA,NA,NA,NA,NA,NA,NA,NA,NA,NA,NA,NA,NA,NA
"DENVERBRONCOS","DST","Denver Broncos",NA,0,0,0,NA,NA,NA,NA,NA,NA,NA,NA,NA,NA,NA,NA,NA,NA
"CLEVELANDBROWNS","DST","Cleveland Browns",NA,0,0,0,NA,NA,NA,NA,NA,NA,NA,NA,NA,NA,NA,NA,NA,NA
"OAKLANDRAIDERS","DST","Oakland Raiders",NA,0,0,0,NA,NA,NA,NA,NA,NA,NA,NA,NA,NA,NA,NA,NA,NA
"PITTSBURGHSTEELERS","DST","Pittsburgh Steelers",NA,0,0,0,NA,NA,NA,NA,NA,NA,NA,NA,NA,NA,NA,NA,NA,NA
"NEWORLEANSSAINTS","DST","New Orleans Saints",NA,0,0,0,NA,NA,NA,NA,NA,NA,NA,NA,NA,NA,NA,NA,NA,NA
"CHICAGOBEARS","DST","Chicago Bears",NA,0,0,0,NA,NA,NA,NA,NA,NA,NA,NA,NA,NA,NA,NA,NA,NA
"BUFFALOBILLS","DST","Buffalo Bills",NA,0,0,0,NA,NA,NA,NA,NA,NA,NA,NA,NA,NA,NA,NA,NA,NA
"ATLANTAFALCONS","DST","Atlanta Falcons",NA,0,0,0,NA,NA,NA,NA,NA,NA,NA,NA,NA,NA,NA,NA,NA,NA
"WASHINGTONREDSKINS","DST","Washington Redskins",NA,0,0,0,NA,NA,NA,NA,NA,NA,NA,NA,NA,NA,NA,NA,NA,NA
"TAMPABAYBUCCANEERS","DST","Tampa Bay Buccaneers",NA,0,0,0,NA,NA,NA,NA,NA,NA,NA,NA,NA,NA,NA,NA,NA,NA
"HOUSTONTEXANS","DST","Houston Texans",NA,0,0,0,NA,NA,NA,NA,NA,NA,NA,NA,NA,NA,NA,NA,NA,NA
"JACKSONVILLEJAGUARS","DST","Jacksonville Jaguars",NA,0,0,0,NA,NA,NA,NA,NA,NA,NA,NA,NA,NA,NA,NA,NA,NA
"SANFRANCISCO49ERS","DST","San Francisco 49ers",NA,0,0,0,NA,NA,NA,NA,NA,NA,NA,NA,NA,NA,NA,NA,NA,NA
"MINNESOTAVIKINGS","DST","Minnesota Vikings",NA,0,0,0,NA,NA,NA,NA,NA,NA,NA,NA,NA,NA,NA,NA,NA,NA
"DALLASCOWBOYS","DST","Dallas Cowboys",NA,0,0,0,NA,NA,NA,NA,NA,NA,NA,NA,NA,NA,NA,NA,NA,NA
"PHILADELPHIAEAGLES","DST","Philadelphia Eagles",NA,0,0,0,NA,NA,NA,NA,NA,NA,NA,NA,NA,NA,NA,NA,NA,NA
"MIAMIDOLPHINS","DST","Miami Dolphins",NA,0,0,0,NA,NA,NA,NA,NA,NA,NA,NA,NA,NA,NA,NA,NA,NA
"SANDIEGOCHARGERS","DST","San Diego Chargers",NA,0,0,0,NA,NA,NA,NA,NA,NA,NA,NA,NA,NA,NA,NA,NA,NA
